{"schemaVersion":"1.0","appDefinitionTemplate":{"id":"/providers/Microsoft.PowerApps/apps/","type":"Microsoft.PowerApps/apps","tags":{"primaryDeviceWidth":"1366","primaryDeviceHeight":"768","supportsPortrait":"true","supportsLandscape":"true","primaryFormFactor":"Tablet","showStatusBar":"false","publisherVersion":"3.24082.13","minimumRequiredApiVersion":"2.2.0","hasComponent":"false","hasUnlockedComponent":"false","isUnifiedRootApp":"false","sienaVersion":"20240829T193641Z-3.24082.13.0"},"properties":{"appVersion":"2024-08-29T19:36:41Z","lifeCycleId":"Published","createdByClientVersion":{"major":3,"minor":24082,"build":13,"revision":0,"majorRevision":0,"minorRevision":0},"minClientVersion":{"major":3,"minor":24082,"build":13,"revision":0,"majorRevision":0,"minorRevision":0},"backgroundColor":"rgba(255, 255, 255, 1)","backgroundImageUri":"/16263600800184951258/N99c77719-2d93-454d-ade1-8035ec3cc714-logoSmallFile","displayName":"Liquidación de Personal","description":"","commitMessage":"","appUris":{"documentUri":{"value":"/16263600800184951258/N86a6b69d-d953-4450-bb75-c56489ae47c6-document.msapp"},"imageUris":[],"additionalUris":[{"isSolutionAware":false,"value":"/16263600800184951258/N039605dd-72b3-49a5-b43e-36741c95c208-identity.json"}]},"createdTime":"0001-01-01T00:00:00Z","lastModifiedTime":"0001-01-01T00:00:00Z","sharedGroupsCount":0,"sharedUsersCount":0,"connectionReferences":{"dd544203-dfd0-47f6-af73-daa2893914ca":{"id":"a11bd507-586e-400e-b65c-8d5b73deadc2","displayName":"Usuarios de Office 365","iconUri":"https://connectoricons-prod.azureedge.net/releases/v1.0.1702/1.0.1702.3810/office365users/icon.png","dataSources":["UsuariosdeOffice365"],"dependencies":[],"dependents":[],"parameterHints":{},"parameterHintsV2":{},"isOnPremiseConnection":false,"bypassConsent":false,"dataSets":{},"apiTier":"Standard","isCustomApiConnection":false},"10547de8-24e2-445a-afe4-e63e4d0dd774":{"id":"7ff93a4b-b106-4531-a28b-37fb137a6297","displayName":"SharePoint","iconUri":"https://connectoricons-prod.azureedge.net/u/jayawan/releases/v1.0.1697/1.0.1697.3786/sharepointonline/icon.png","dataSources":["Canales_1","Cartera","Compensación","Contabilidad_1","FemFuturo","GCT_1","RL","Solicitudes"],"dependencies":[],"dependents":[],"parameterHints":{},"parameterHintsV2":{},"isOnPremiseConnection":false,"bypassConsent":false,"dataSets":{"https://ganasa.sharepoint.com/sites/LiquidaciondePersonal-Automatizacin":{"dataSources":{"Canales_1":{"tableName":"3f5c956d-4ad6-4e71-9bb1-7c13e3e1df89"},"Cartera":{"tableName":"4dcf93a4-1524-4b01-8db7-8c1210147aa8"},"Compensación":{"tableName":"09336804-f96b-4d8a-900b-e060bc01a3f3"},"Contabilidad_1":{"tableName":"9d9adf26-d0dd-4ea4-a1c8-d6e7f8a7b201"},"FemFuturo":{"tableName":"f477a9bf-376c-482d-b59c-7e12a89de25b"},"GCT_1":{"tableName":"68c110b7-9aa4-40ec-b6cb-ad3d0c6a20f8"},"RL":{"tableName":"be386770-ea8f-47bf-84ca-1cfabb83c251"},"Solicitudes":{"tableName":"15ed073c-7906-45a3-97b2-d94c52a4fd48"}}}},"apiTier":"Standard","isCustomApiConnection":false,"actions":["providers/PowerPlatform.Governance/Operations/Read","providers/PowerPlatform.Governance/Operations/Write"]},"ecbf0e27-556e-44d7-9922-35f3a293a0c3":{"id":"3b4c6b58-f319-433c-955e-c38a1ddeefa6","displayName":"Excel Online (Empresas)","iconUri":"https://connectoricons-prod.azureedge.net/u/jayawan/releases/v1.0.1694/1.0.1694.3753/excelonlinebusiness/icon.png","dataSources":["Table1_1"],"dependencies":[],"dependents":[],"parameterHints":{},"parameterHintsV2":{},"isOnPremiseConnection":false,"bypassConsent":false,"dataSets":{"me,b%2521214-VVQAF0KOwwCog90bNCVotCkVLNtGtS0t9CuNf3krnXfdbYLbSoWI_5AmPGqE,01ER4TYA4RZVJZMFWH6FBYJWCPYI5IHHX7":{"dataSources":{"Table1_1":{"tableName":"{DF781734-C3DA-47CF-AD4B-E87D8EB0A4CD}"}}}},"apiTier":"Standard","isCustomApiConnection":false,"actions":["providers/PowerPlatform.Governance/Operations/Read","providers/PowerPlatform.Governance/Operations/Write"]}},"databaseReferences":{},"almMode":"Environment","performanceOptimizationEnabled":true,"canConsumeAppPass":true,"enableModernRuntimeMode":false,"executionRestrictions":{"isTeamsOnly":false,"dataLossPreventionEvaluationResult":{"status":"Compliant","lastEvaluationDate":"2024-07-29T20:59:47.691331Z","violations":[],"violationsByPolicy":[],"violationErrorMessage":"La aplicación usa los siguientes conectores: ."}}},"appType":"ClassicCanvasApp","appComponents":[]}}