{"name":"f4ac665d-eed1-4f70-8749-3b8383907ddc","id":"/providers/Microsoft.Flow/flows/f4ac665d-eed1-4f70-8749-3b8383907ddc","type":"Microsoft.Flow/flows","properties":{"apiId":"/providers/Microsoft.PowerApps/apis/shared_logicflows","displayName":"Observaciones de las Areas","definition":{"metadata":{"workflowEntityId":null,"processAdvisorMetadata":null,"flowChargedByPaygo":null,"flowclientsuspensionreason":"None","flowclientsuspensiontime":null,"flowclientsuspensionreasondetails":null,"creator":{"id":"cf999034-e3c2-41fe-a9b6-90ef2e3f5c48","type":"User","tenantId":"d6a2ecba-dd2a-4f0c-a632-6798e31995bb"},"provisioningMethod":"FromDefinition","failureAlertSubscription":true,"clientLastModifiedTime":"2024-08-30T00:31:21.1172424Z","connectionKeySavedTimeKey":"2024-08-30T00:31:21.1172424Z"},"$schema":"https://schema.management.azure.com/providers/Microsoft.Logic/schemas/2016-06-01/workflowdefinition.json#","contentVersion":"1.0.0.0","parameters":{"$connections":{"defaultValue":{},"type":"Object"},"$authentication":{"defaultValue":{},"type":"SecureObject"}},"triggers":{"Recurrence":{"recurrence":{"frequency":"Day","interval":1,"timeZone":"SA Pacific Standard Time","schedule":{"hours":["8","14"]}},"metadata":{"operationMetadataId":"1aa28e55-c8fd-45c1-9694-1b63fe535f9d"},"type":"Recurrence"}},"actions":{"En_listar_la_información_de_la_lista_Solicitudes":{"runAfter":{},"metadata":{"operationMetadataId":"9b75835c-e651-4371-9052-a0f9b71a4041"},"type":"OpenApiConnection","inputs":{"host":{"apiId":"/providers/Microsoft.PowerApps/apis/shared_sharepointonline","connectionName":"shared_sharepointonline_1","operationId":"GetItems"},"parameters":{"dataset":"https://ganasa.sharepoint.com/sites/LiquidaciondePersonal-Automatizacin","table":"15ed073c-7906-45a3-97b2-d94c52a4fd48"},"authentication":"@parameters('$authentication')"}},"Recorrer_Solicitudes_de_RL":{"foreach":"@outputs('En_listar_la_información_de_la_lista_Solicitudes')?['body/value']","actions":{"Condition":{"actions":{"Send_an_email_(V2)":{"runAfter":{},"metadata":{"operationMetadataId":"86c4b68f-f98d-4f1d-989b-83af45fa63dd"},"type":"OpenApiConnection","inputs":{"host":{"apiId":"/providers/Microsoft.PowerApps/apis/shared_office365","connectionName":"shared_office365_1","operationId":"SendEmailV2"},"parameters":{"emailMessage/To":"leidy.arango@gruporeditos.com;darcy.agudelo@gruporeditos.com","emailMessage/Subject":"Devolución de Paz y Salvo incorrecto","emailMessage/Body":"<p>@{items('Recorrer_Solicitudes_de_RL')?['RL_x002d_Observacion']}<br>\n<br>\n<strong>Por favor, no responda ni envíe correos de respuesta a la cuenta correo.automatizacion@gruporeditos.com.<br>\n<br>\nCordialmente, Automatizacion</strong></p>","emailMessage/Cc":"sara.arboleda@gruporeditos.com;aprendiz.funcional@gruporeditos.com","emailMessage/Importance":"Normal"},"authentication":"@parameters('$authentication')"}},"Actualizar_Infor_de_RL":{"runAfter":{"Send_an_email_(V2)":["Succeeded"]},"metadata":{"operationMetadataId":"676088fd-e5fa-415e-b347-00b68a72faae"},"type":"OpenApiConnection","inputs":{"host":{"apiId":"/providers/Microsoft.PowerApps/apis/shared_sharepointonline","connectionName":"shared_sharepointonline_1","operationId":"PatchItem"},"parameters":{"dataset":"https://ganasa.sharepoint.com/sites/LiquidaciondePersonal-Automatizacin","table":"15ed073c-7906-45a3-97b2-d94c52a4fd48","id":"@items('Recorrer_Solicitudes_de_RL')?['ID']","item/Id0":"@items('Recorrer_Solicitudes_de_RL')?['Id0']","item/RL":"ENVIADO"},"authentication":"@parameters('$authentication')"}},"Abrir_la_Solicitud_Otra_vez_de_RL":{"runAfter":{"Actualizar_Infor_de_RL":["Succeeded"]},"metadata":{"operationMetadataId":"ac6240d8-057b-40ac-a031-2c2296bb5383"},"type":"OpenApiConnection","inputs":{"host":{"apiId":"/providers/Microsoft.PowerApps/apis/shared_sharepointonline","connectionName":"shared_sharepointonline_1","operationId":"PatchItem"},"parameters":{"dataset":"https://ganasa.sharepoint.com/sites/LiquidaciondePersonal-Automatizacin","table":"be386770-ea8f-47bf-84ca-1cfabb83c251","id":"@outputs('Actualizar_Infor_de_RL')?['body/ID']","item/Id0":"@outputs('Actualizar_Infor_de_RL')?['body/Id0']","item/Estado":"ABIERTO"},"authentication":"@parameters('$authentication')"}},"Obtener_Datos_Adjuntos_Actual_Para_eliminarlos":{"runAfter":{"Abrir_la_Solicitud_Otra_vez_de_RL":["Succeeded"]},"metadata":{"operationMetadataId":"325bb37b-a77b-4e64-ad60-ad605484b872"},"type":"OpenApiConnection","inputs":{"host":{"apiId":"/providers/Microsoft.PowerApps/apis/shared_sharepointonline","connectionName":"shared_sharepointonline_1","operationId":"GetItemAttachments"},"parameters":{"dataset":"https://ganasa.sharepoint.com/sites/LiquidaciondePersonal-Automatizacin","table":"be386770-ea8f-47bf-84ca-1cfabb83c251","itemId":"@outputs('Abrir_la_Solicitud_Otra_vez_de_RL')?['body/ID']"},"authentication":"@parameters('$authentication')"}},"Aplicar_a_cada_Dato_Adjunto_que_haya":{"foreach":"@body('Obtener_Datos_Adjuntos_Actual_Para_eliminarlos')","actions":{"Eliminar_el_Dato_Adjunto_Actual_Subido_en_Sharepoint":{"runAfter":{},"metadata":{"operationMetadataId":"e69762c0-4485-4c15-9976-a670dab3b24f"},"type":"OpenApiConnection","inputs":{"host":{"apiId":"/providers/Microsoft.PowerApps/apis/shared_sharepointonline","connectionName":"shared_sharepointonline_1","operationId":"DeleteAttachment"},"parameters":{"dataset":"https://ganasa.sharepoint.com/sites/LiquidaciondePersonal-Automatizacin","table":"be386770-ea8f-47bf-84ca-1cfabb83c251","itemId":"@outputs('Abrir_la_Solicitud_Otra_vez_de_RL')?['body/ID']","attachmentId":"@item()?['Id']"},"authentication":"@parameters('$authentication')"}}},"runAfter":{"Obtener_Datos_Adjuntos_Actual_Para_eliminarlos":["Succeeded"]},"metadata":{"operationMetadataId":"a4c853e7-e9bd-4d9a-87d3-24ae66949214"},"type":"Foreach"}},"runAfter":{},"expression":{"equals":["@items('Recorrer_Solicitudes_de_RL')?['RL']","SI"]},"metadata":{"operationMetadataId":"c4353d6b-69d1-43f2-8ffa-db18f4802529"},"type":"If"}},"runAfter":{"En_listar_la_información_de_la_lista_Solicitudes":["Succeeded"]},"metadata":{"operationMetadataId":"3b499d3c-609e-4ffd-94d5-254008dfe9e3"},"type":"Foreach"},"Recorrer_Solicitudes_de_Cartera":{"foreach":"@outputs('En_listar_la_información_de_la_lista_Solicitudes')?['body/value']","actions":{"Condition_2":{"actions":{"Send_an_email_(V2)_2":{"runAfter":{},"metadata":{"operationMetadataId":"b6f3301f-dbf1-48f3-972e-0380b8b8b762"},"type":"OpenApiConnection","inputs":{"host":{"apiId":"/providers/Microsoft.PowerApps/apis/shared_office365","connectionName":"shared_office365_1","operationId":"SendEmailV2"},"parameters":{"emailMessage/To":"jimena.lopez@gruporeditos.com","emailMessage/Subject":"Devolución de Paz y Salvo incorrecto","emailMessage/Body":"<p>@{items('Recorrer_Solicitudes_de_Cartera')?['Cartera_x002d_Observacion']}<br>\n<br>\n<strong>Por favor, no responda ni envíe correos de respuesta a la cuenta correo.automatizacion@gruporeditos.com.<br>\n<br>\nCordialmente, Automatizacion</strong></p>","emailMessage/Cc":"sara.arboleda@gruporeditos.com;aprendiz.funcional@gruporeditos.com","emailMessage/Importance":"Normal"},"authentication":"@parameters('$authentication')"}},"Actualizar_Informacion_de_Solicitudes_Cartera":{"runAfter":{"Send_an_email_(V2)_2":["Succeeded"]},"metadata":{"operationMetadataId":"2969cc3d-8fc8-4b83-9b86-6359658cdc2a"},"type":"OpenApiConnection","inputs":{"host":{"apiId":"/providers/Microsoft.PowerApps/apis/shared_sharepointonline","connectionName":"shared_sharepointonline_1","operationId":"PatchItem"},"parameters":{"dataset":"https://ganasa.sharepoint.com/sites/LiquidaciondePersonal-Automatizacin","table":"15ed073c-7906-45a3-97b2-d94c52a4fd48","id":"@items('Recorrer_Solicitudes_de_Cartera')?['ID']","item/Id0":"@items('Recorrer_Solicitudes_de_Cartera')?['Id0']","item/Cartera":"ENVIADO"},"authentication":"@parameters('$authentication')"}},"Abrir_Otra_Vez_Cartera":{"runAfter":{"Actualizar_Informacion_de_Solicitudes_Cartera":["Succeeded"]},"metadata":{"operationMetadataId":"4594f833-709c-44fe-8456-3cfae2585a2c"},"type":"OpenApiConnection","inputs":{"host":{"apiId":"/providers/Microsoft.PowerApps/apis/shared_sharepointonline","connectionName":"shared_sharepointonline_1","operationId":"PatchItem"},"parameters":{"dataset":"https://ganasa.sharepoint.com/sites/LiquidaciondePersonal-Automatizacin","table":"4dcf93a4-1524-4b01-8db7-8c1210147aa8","id":"@outputs('Actualizar_Informacion_de_Solicitudes_Cartera')?['body/ID']","item/Id0":"@outputs('Actualizar_Informacion_de_Solicitudes_Cartera')?['body/Id0']","item/Estado":"ABIERTO"},"authentication":"@parameters('$authentication')"}},"Obtener_Datos_Adjuntos_Para_Eliminarlos":{"runAfter":{"Abrir_Otra_Vez_Cartera":["Succeeded"]},"metadata":{"operationMetadataId":"7b31a53e-d66d-4ff4-9bbc-580376659dfe"},"type":"OpenApiConnection","inputs":{"host":{"apiId":"/providers/Microsoft.PowerApps/apis/shared_sharepointonline","connectionName":"shared_sharepointonline_1","operationId":"GetItemAttachments"},"parameters":{"dataset":"https://ganasa.sharepoint.com/sites/LiquidaciondePersonal-Automatizacin","table":"4dcf93a4-1524-4b01-8db7-8c1210147aa8","itemId":"@outputs('Abrir_Otra_Vez_Cartera')?['body/ID']"},"authentication":"@parameters('$authentication')"}},"Aplicar_a_cada_Adjunto_que_haya":{"foreach":"@body('Obtener_Datos_Adjuntos_Para_Eliminarlos')","actions":{"Eliminar_los_Datos_Adjuntos":{"runAfter":{},"metadata":{"operationMetadataId":"cd69229b-5291-4e34-b241-5550ff2955ee"},"type":"OpenApiConnection","inputs":{"host":{"apiId":"/providers/Microsoft.PowerApps/apis/shared_sharepointonline","connectionName":"shared_sharepointonline_1","operationId":"DeleteAttachment"},"parameters":{"dataset":"https://ganasa.sharepoint.com/sites/LiquidaciondePersonal-Automatizacin","table":"4dcf93a4-1524-4b01-8db7-8c1210147aa8","itemId":"@outputs('Abrir_Otra_Vez_Cartera')?['body/ID']","attachmentId":"@item()?['Id']"},"authentication":"@parameters('$authentication')"}}},"runAfter":{"Obtener_Datos_Adjuntos_Para_Eliminarlos":["Succeeded"]},"metadata":{"operationMetadataId":"f2869a04-cfee-437e-ad50-65ce0c2dcc25"},"type":"Foreach"}},"runAfter":{},"expression":{"equals":["@items('Recorrer_Solicitudes_de_Cartera')?['Cartera']","SI"]},"metadata":{"operationMetadataId":"70a61e57-62a2-45d0-8f98-63dd721d3599"},"type":"If"}},"runAfter":{"En_listar_la_información_de_la_lista_Solicitudes":["Succeeded"]},"metadata":{"operationMetadataId":"dab953b4-8e2a-4c54-b4b9-b7443a10a782"},"type":"Foreach"},"Recorrer_Solicitudes_de_Contabilidad":{"foreach":"@outputs('En_listar_la_información_de_la_lista_Solicitudes')?['body/value']","actions":{"Condition_3":{"actions":{"Send_an_email_(V2)_3":{"runAfter":{},"metadata":{"operationMetadataId":"8b608dc5-5323-4f99-8294-f68130ace3b5"},"type":"OpenApiConnection","inputs":{"host":{"apiId":"/providers/Microsoft.PowerApps/apis/shared_office365","connectionName":"shared_office365_1","operationId":"SendEmailV2"},"parameters":{"emailMessage/To":"aprendiz.reditos@gruporeditos.com;daissy.castrillon@GANASA.onmicrosoft.com;fernando.metaute@gruporeditos.com;gloria.ochoa@gruporeditos.com;katherin.acevedo@gruporeditos.com;margarita.sanchez@gruporeditos.com;mario.giron@gruporeditos.com;mery.gomez@gruporeditos.com;paola.ortiz@gruporeditos.com;monica.zuluaga@gruporeditos.com;luz.molina@gruporeditos.com;jose.zapata@gruporeditos.com;manuela.torrado@gruporeditos.com;victoria.gutierrez@gruporeditos.com;melissa.gomez@gruporeditos.com","emailMessage/Subject":"Devolución de Paz y Salvo incorrecto","emailMessage/Body":"<p>@{items('Recorrer_Solicitudes_de_Contabilidad')?['Contabilidad_x002d_Observacion']}<br>\n<br>\n<strong>Por favor, no responda ni envíe correos de respuesta a la cuenta correo.automatizacion@gruporeditos.com.<br>\n<br>\nCordialmente, Automatizacion</strong></p>","emailMessage/Cc":"sara.arboleda@gruporeditos.com;aprendiz.funcional@gruporeditos.com","emailMessage/Importance":"Normal"},"authentication":"@parameters('$authentication')"}},"Actualizar_Informacion_Solicitudes_Contabilidad":{"runAfter":{"Send_an_email_(V2)_3":["Succeeded"]},"metadata":{"operationMetadataId":"2d900c31-46e8-4bb4-8f99-e1c2a72a2ae1"},"type":"OpenApiConnection","inputs":{"host":{"apiId":"/providers/Microsoft.PowerApps/apis/shared_sharepointonline","connectionName":"shared_sharepointonline_1","operationId":"PatchItem"},"parameters":{"dataset":"https://ganasa.sharepoint.com/sites/LiquidaciondePersonal-Automatizacin","table":"15ed073c-7906-45a3-97b2-d94c52a4fd48","id":"@items('Recorrer_Solicitudes_de_Contabilidad')?['ID']","item/Id0":"@items('Recorrer_Solicitudes_de_Contabilidad')?['Id0']","item/Contabilidad":"ENVIADO"},"authentication":"@parameters('$authentication')"}},"Abrir_Otra_Vez_Contabilidad":{"runAfter":{"Actualizar_Informacion_Solicitudes_Contabilidad":["Succeeded"]},"metadata":{"operationMetadataId":"5e404110-0487-4b29-8315-59805803c935"},"type":"OpenApiConnection","inputs":{"host":{"apiId":"/providers/Microsoft.PowerApps/apis/shared_sharepointonline","connectionName":"shared_sharepointonline_1","operationId":"PatchItem"},"parameters":{"dataset":"https://ganasa.sharepoint.com/sites/LiquidaciondePersonal-Automatizacin","table":"9d9adf26-d0dd-4ea4-a1c8-d6e7f8a7b201","id":"@outputs('Actualizar_Informacion_Solicitudes_Contabilidad')?['body/ID']","item/Id0":"@outputs('Actualizar_Informacion_Solicitudes_Contabilidad')?['body/Id0']","item/Estado":"ABIERTO"},"authentication":"@parameters('$authentication')"}},"Obtener_Datos_Adjuntos_de_Contabilidad_y_Eliminarlos":{"runAfter":{"Abrir_Otra_Vez_Contabilidad":["Succeeded"]},"metadata":{"operationMetadataId":"7a36e979-215d-44b9-8f56-a0997f3ad821"},"type":"OpenApiConnection","inputs":{"host":{"apiId":"/providers/Microsoft.PowerApps/apis/shared_sharepointonline","connectionName":"shared_sharepointonline_1","operationId":"GetItemAttachments"},"parameters":{"dataset":"https://ganasa.sharepoint.com/sites/LiquidaciondePersonal-Automatizacin","table":"9d9adf26-d0dd-4ea4-a1c8-d6e7f8a7b201","itemId":"@outputs('Abrir_Otra_Vez_Contabilidad')?['body/ID']"},"authentication":"@parameters('$authentication')"}},"Aplicar_a_cada_Uno_de_los_Datos_Adjuntos_y_Eliminarlos_Contabilidad":{"foreach":"@body('Obtener_Datos_Adjuntos_de_Contabilidad_y_Eliminarlos')","actions":{"Eliminar_Datos_Adjuntos_contabilidad":{"runAfter":{},"metadata":{"operationMetadataId":"7f45090e-5bf6-41a2-aae0-a119cbf00df9"},"type":"OpenApiConnection","inputs":{"host":{"apiId":"/providers/Microsoft.PowerApps/apis/shared_sharepointonline","connectionName":"shared_sharepointonline_1","operationId":"DeleteAttachment"},"parameters":{"dataset":"https://ganasa.sharepoint.com/sites/LiquidaciondePersonal-Automatizacin","table":"9d9adf26-d0dd-4ea4-a1c8-d6e7f8a7b201","itemId":"@outputs('Abrir_Otra_Vez_Contabilidad')?['body/ID']","attachmentId":"@item()?['Id']"},"authentication":"@parameters('$authentication')"}}},"runAfter":{"Obtener_Datos_Adjuntos_de_Contabilidad_y_Eliminarlos":["Succeeded"]},"metadata":{"operationMetadataId":"8576d35c-a303-45f3-ab73-241fe8067b0b"},"type":"Foreach"}},"runAfter":{},"expression":{"startsWith":["@items('Recorrer_Solicitudes_de_Contabilidad')?['Contabilidad']","SI"]},"metadata":{"operationMetadataId":"e36b145b-fedf-46e9-a6ee-9a088705590f"},"type":"If"}},"runAfter":{"En_listar_la_información_de_la_lista_Solicitudes":["Succeeded"]},"metadata":{"operationMetadataId":"0bf8ba59-7f5d-488c-a871-f38875021fde"},"type":"Foreach"},"Recorrer_Solicitudes_de_GCT":{"foreach":"@outputs('En_listar_la_información_de_la_lista_Solicitudes')?['body/value']","actions":{"Condition_4":{"actions":{"Send_an_email_(V2)_4":{"runAfter":{},"metadata":{"operationMetadataId":"fa568ef5-8d17-4f35-8599-1e00904a3513"},"type":"OpenApiConnection","inputs":{"host":{"apiId":"/providers/Microsoft.PowerApps/apis/shared_office365","connectionName":"shared_office365_1","operationId":"SendEmailV2"},"parameters":{"emailMessage/To":"luisa.torres@gruporeditos.com;zulima.hernandez@gruporeditos.com","emailMessage/Subject":"Devolución de Paz y Salvo incorrecto","emailMessage/Body":"<p>@{items('Recorrer_Solicitudes_de_GCT')?['GCT_x002d_Observacion']}<br>\n<br>\n<strong>Por favor, no responda ni envíe correos de respuesta a la cuenta correo.automatizacion@gruporeditos.com.<br>\n<br>\nCordialmente, Automatizacion</strong></p>","emailMessage/Cc":"sara.arboleda@gruporeditos.com;aprendiz.funcional@gruporeditos.com","emailMessage/Importance":"Normal"},"authentication":"@parameters('$authentication')"}},"Actualizar_Informacion_Solicitudes_GCT":{"runAfter":{"Send_an_email_(V2)_4":["Succeeded"]},"metadata":{"operationMetadataId":"29cd51d6-4425-4e5f-8038-06c37d913c9a"},"type":"OpenApiConnection","inputs":{"host":{"apiId":"/providers/Microsoft.PowerApps/apis/shared_sharepointonline","connectionName":"shared_sharepointonline_1","operationId":"PatchItem"},"parameters":{"dataset":"https://ganasa.sharepoint.com/sites/LiquidaciondePersonal-Automatizacin","table":"15ed073c-7906-45a3-97b2-d94c52a4fd48","id":"@items('Recorrer_Solicitudes_de_GCT')?['ID']","item/Id0":"@items('Recorrer_Solicitudes_de_GCT')?['Id0']","item/GCT":"ENVIADO"},"authentication":"@parameters('$authentication')"}},"Abrir_Otra_vez_GCT":{"runAfter":{"Actualizar_Informacion_Solicitudes_GCT":["Succeeded"]},"metadata":{"operationMetadataId":"6f16fa09-791f-4a9a-b835-21e5a1de555d"},"type":"OpenApiConnection","inputs":{"host":{"apiId":"/providers/Microsoft.PowerApps/apis/shared_sharepointonline","connectionName":"shared_sharepointonline_1","operationId":"PatchItem"},"parameters":{"dataset":"https://ganasa.sharepoint.com/sites/LiquidaciondePersonal-Automatizacin","table":"68c110b7-9aa4-40ec-b6cb-ad3d0c6a20f8","id":"@outputs('Actualizar_Informacion_Solicitudes_GCT')?['body/ID']","item/Id0":"@outputs('Actualizar_Informacion_Solicitudes_GCT')?['body/Id0']","item/Estado":"ABIERTO"},"authentication":"@parameters('$authentication')"}},"Obtener_Datos_Adjuntos_de_GCT":{"runAfter":{"Abrir_Otra_vez_GCT":["Succeeded"]},"metadata":{"operationMetadataId":"89ac0f3c-8785-45f7-a0f8-203d6e9d4ffc"},"type":"OpenApiConnection","inputs":{"host":{"apiId":"/providers/Microsoft.PowerApps/apis/shared_sharepointonline","connectionName":"shared_sharepointonline_1","operationId":"GetItemAttachments"},"parameters":{"dataset":"https://ganasa.sharepoint.com/sites/LiquidaciondePersonal-Automatizacin","table":"68c110b7-9aa4-40ec-b6cb-ad3d0c6a20f8","itemId":"@outputs('Abrir_Otra_vez_GCT')?['body/ID']"},"authentication":"@parameters('$authentication')"}},"Apply_to_each":{"foreach":"@body('Obtener_Datos_Adjuntos_de_GCT')","actions":{"Eliminar_Datos_Adjuntos_de_GCT":{"runAfter":{},"metadata":{"operationMetadataId":"2e43de24-e512-4265-a1d4-7f22e262d40b"},"type":"OpenApiConnection","inputs":{"host":{"apiId":"/providers/Microsoft.PowerApps/apis/shared_sharepointonline","connectionName":"shared_sharepointonline_1","operationId":"DeleteAttachment"},"parameters":{"dataset":"https://ganasa.sharepoint.com/sites/LiquidaciondePersonal-Automatizacin","table":"68c110b7-9aa4-40ec-b6cb-ad3d0c6a20f8","itemId":"@outputs('Abrir_Otra_vez_GCT')?['body/ID']","attachmentId":"@item()?['Id']"},"authentication":"@parameters('$authentication')"}}},"runAfter":{"Obtener_Datos_Adjuntos_de_GCT":["Succeeded"]},"metadata":{"operationMetadataId":"1dd322b7-4cf5-4332-9ec2-bee769b0c330"},"type":"Foreach"}},"runAfter":{},"expression":{"startsWith":["@items('Recorrer_Solicitudes_de_GCT')?['GCT']","SI"]},"metadata":{"operationMetadataId":"f8d55991-7d10-4204-a4d2-ad4c61bdbd33"},"type":"If"}},"runAfter":{"En_listar_la_información_de_la_lista_Solicitudes":["Succeeded"]},"metadata":{"operationMetadataId":"733cce32-03c2-41c3-973c-e03ee786b7b0"},"type":"Foreach"},"Recorrer_Solicitudes_de_Comercial":{"foreach":"@outputs('En_listar_la_información_de_la_lista_Solicitudes')?['body/value']","actions":{"Condition_5":{"actions":{"Send_an_email_(V2)_5":{"runAfter":{},"metadata":{"operationMetadataId":"993c1d45-f5ff-4567-84f9-839ce0d45363"},"type":"OpenApiConnection","inputs":{"host":{"apiId":"/providers/Microsoft.PowerApps/apis/shared_office365","connectionName":"shared_office365_1","operationId":"SendEmailV2"},"parameters":{"emailMessage/To":"yonatan.hernandez@gruporeditos.com;marcela.triana@gruporeditos.com;sirley.rengifo@gruporeditos.com;sandra.vasquez@gruporeditos.com;sandra.torres@gruporeditos.com;mariana.velez@gruporeditos.com;liliana.gomez@gruporeditos.com;ingrid.quintero@gruporeditos.com;gabriel.henao@gruporeditos.com;arley.franco@gruporeditos.com;diana.castro@gruporeditos.com;arledis.rivera@gruporeditos.com;anlly.pabon@GANASA.onmicrosoft.com;natalia.vanegas@gruporeditos.com","emailMessage/Subject":"Devolución de Paz y Salvo incorrecto","emailMessage/Body":"<p>@{items('Recorrer_Solicitudes_de_Comercial')?['Comercial_x002d_Observacion']}<br>\n<br>\n<strong>Por favor, no responda ni envíe correos de respuesta a la cuenta correo.automatizacion@gruporeditos.com.<br>\n<br>\nCordialmente, Automatizacion</strong></p>","emailMessage/Cc":"sara.arboleda@gruporeditos.com;aprendiz.funcional@gruporeditos.com","emailMessage/Importance":"Normal"},"authentication":"@parameters('$authentication')"}},"Actualizar_Solicitudes_Canales":{"runAfter":{"Send_an_email_(V2)_5":["Succeeded"]},"metadata":{"operationMetadataId":"6dc4e5ed-225f-429f-bf44-ceb0452f460b"},"type":"OpenApiConnection","inputs":{"host":{"apiId":"/providers/Microsoft.PowerApps/apis/shared_sharepointonline","connectionName":"shared_sharepointonline_1","operationId":"PatchItem"},"parameters":{"dataset":"https://ganasa.sharepoint.com/sites/LiquidaciondePersonal-Automatizacin","table":"15ed073c-7906-45a3-97b2-d94c52a4fd48","id":"@items('Recorrer_Solicitudes_de_Comercial')?['ID']","item/Id0":"@items('Recorrer_Solicitudes_de_Comercial')?['Id0']","item/Comercial":"ENVIADO"},"authentication":"@parameters('$authentication')"}},"Abrir_Otra_Vez_Canales":{"runAfter":{"Actualizar_Solicitudes_Canales":["Succeeded"]},"metadata":{"operationMetadataId":"b80c87d4-0e7d-44eb-85fd-463e0e6f6c59"},"type":"OpenApiConnection","inputs":{"host":{"apiId":"/providers/Microsoft.PowerApps/apis/shared_sharepointonline","connectionName":"shared_sharepointonline_1","operationId":"PatchItem"},"parameters":{"dataset":"https://ganasa.sharepoint.com/sites/LiquidaciondePersonal-Automatizacin","table":"3f5c956d-4ad6-4e71-9bb1-7c13e3e1df89","id":"@outputs('Actualizar_Solicitudes_Canales')?['body/ID']","item/Id0":"@outputs('Actualizar_Solicitudes_Canales')?['body/Id0']","item/Estado":"ABIERTO"},"authentication":"@parameters('$authentication')"}},"Obtener_Datos_Adjuntos_Para_eliminarlos_Canales":{"runAfter":{"Abrir_Otra_Vez_Canales":["Succeeded"]},"metadata":{"operationMetadataId":"79a6c081-1d13-40aa-9934-cd0df8b7d7a8"},"type":"OpenApiConnection","inputs":{"host":{"apiId":"/providers/Microsoft.PowerApps/apis/shared_sharepointonline","connectionName":"shared_sharepointonline_1","operationId":"GetItemAttachments"},"parameters":{"dataset":"https://ganasa.sharepoint.com/sites/LiquidaciondePersonal-Automatizacin","table":"3f5c956d-4ad6-4e71-9bb1-7c13e3e1df89","itemId":"@outputs('Abrir_Otra_Vez_Canales')?['body/ID']"},"authentication":"@parameters('$authentication')"}},"Apply_to_each_2":{"foreach":"@body('Obtener_Datos_Adjuntos_Para_eliminarlos_Canales')","actions":{"Delete_attachment":{"runAfter":{},"metadata":{"operationMetadataId":"ecb3fc27-c715-48c3-bfa7-109c1c984007"},"type":"OpenApiConnection","inputs":{"host":{"apiId":"/providers/Microsoft.PowerApps/apis/shared_sharepointonline","connectionName":"shared_sharepointonline_1","operationId":"DeleteAttachment"},"parameters":{"dataset":"https://ganasa.sharepoint.com/sites/LiquidaciondePersonal-Automatizacin","table":"3f5c956d-4ad6-4e71-9bb1-7c13e3e1df89","itemId":"@outputs('Abrir_Otra_Vez_Canales')?['body/ID']","attachmentId":"@item()?['Id']"},"authentication":"@parameters('$authentication')"}}},"runAfter":{"Obtener_Datos_Adjuntos_Para_eliminarlos_Canales":["Succeeded"]},"metadata":{"operationMetadataId":"2ed7cfbb-457a-4a6c-94b2-5dd17906da10"},"type":"Foreach"}},"runAfter":{},"expression":{"startsWith":["@items('Recorrer_Solicitudes_de_Comercial')?['Comercial']","SI"]},"metadata":{"operationMetadataId":"9a210c29-4de5-4d54-9e77-2aba2da7f820"},"type":"If"}},"runAfter":{"En_listar_la_información_de_la_lista_Solicitudes":["Succeeded"]},"metadata":{"operationMetadataId":"bd6cd944-1fae-4ca9-94c5-c7a6924c5be6"},"type":"Foreach"},"Recorrer_Solicitudes_de_FemFuturo":{"foreach":"@outputs('En_listar_la_información_de_la_lista_Solicitudes')?['body/value']","actions":{"Condition_6":{"actions":{"Send_an_email_(V2)_6":{"runAfter":{},"metadata":{"operationMetadataId":"014e2e8a-9cc3-47e3-ae77-9e9c82daa819"},"type":"OpenApiConnection","inputs":{"host":{"apiId":"/providers/Microsoft.PowerApps/apis/shared_office365","connectionName":"shared_office365_1","operationId":"SendEmailV2"},"parameters":{"emailMessage/To":"eugenia.vanegas@femfuturo.com.co;mercadeo@femfuturo.com.co;natalia.gomez@femfuturo.com.co;analista.contable@femfuturo.com.co;cartera.femfuturo@femfuturo.com.co","emailMessage/Subject":"Devolución de Paz y Salvo incorrecto","emailMessage/Body":"<p>@{items('Recorrer_Solicitudes_de_FemFuturo')?['FemFuturo_x002d_Observacion']}<br>\n<br>\n<strong>Por favor, no responda ni envíe correos de respuesta a la cuenta correo.automatizacion@gruporeditos.com.<br>\n<br>\nCordialmente, Automatizacion</strong></p>","emailMessage/Cc":"sara.arboleda@gruporeditos.com;aprendiz.funcional@gruporeditos.com","emailMessage/Importance":"Normal"},"authentication":"@parameters('$authentication')"}},"Actualizar_Informacion_de_Solicitud_FemFuturo":{"runAfter":{"Send_an_email_(V2)_6":["Succeeded"]},"metadata":{"operationMetadataId":"4b783e4a-a8f5-40ad-91ec-9f26808acd72"},"type":"OpenApiConnection","inputs":{"host":{"apiId":"/providers/Microsoft.PowerApps/apis/shared_sharepointonline","connectionName":"shared_sharepointonline_1","operationId":"PatchItem"},"parameters":{"dataset":"https://ganasa.sharepoint.com/sites/LiquidaciondePersonal-Automatizacin","table":"15ed073c-7906-45a3-97b2-d94c52a4fd48","id":"@items('Recorrer_Solicitudes_de_FemFuturo')?['ID']","item/Id0":"@items('Recorrer_Solicitudes_de_FemFuturo')?['Id0']","item/Femfuturo":"ENVIADO"},"authentication":"@parameters('$authentication')"}},"Abrir_Otra_Vez_FemFuturo":{"runAfter":{"Actualizar_Informacion_de_Solicitud_FemFuturo":["Succeeded"]},"metadata":{"operationMetadataId":"dd056b27-2a60-4a3f-8d80-6d630e288fc5"},"type":"OpenApiConnection","inputs":{"host":{"apiId":"/providers/Microsoft.PowerApps/apis/shared_sharepointonline","connectionName":"shared_sharepointonline_1","operationId":"PatchItem"},"parameters":{"dataset":"https://ganasa.sharepoint.com/sites/LiquidaciondePersonal-Automatizacin","table":"f477a9bf-376c-482d-b59c-7e12a89de25b","id":"@outputs('Actualizar_Informacion_de_Solicitud_FemFuturo')?['body/ID']","item/Id0":"@outputs('Actualizar_Informacion_de_Solicitud_FemFuturo')?['body/Id0']","item/Estado":"ABIERTO"},"authentication":"@parameters('$authentication')"}},"Obtener_Datos_Adjuntos_para_Eliminarlos_FemFuturo":{"runAfter":{"Abrir_Otra_Vez_FemFuturo":["Succeeded"]},"metadata":{"operationMetadataId":"a4a7d4cc-1764-40f8-adab-eee92343b8cd"},"type":"OpenApiConnection","inputs":{"host":{"apiId":"/providers/Microsoft.PowerApps/apis/shared_sharepointonline","connectionName":"shared_sharepointonline_1","operationId":"GetItemAttachments"},"parameters":{"dataset":"https://ganasa.sharepoint.com/sites/LiquidaciondePersonal-Automatizacin","table":"f477a9bf-376c-482d-b59c-7e12a89de25b","itemId":"@outputs('Abrir_Otra_Vez_FemFuturo')?['body/ID']"},"authentication":"@parameters('$authentication')"}},"Apply_to_each_3":{"foreach":"@body('Obtener_Datos_Adjuntos_para_Eliminarlos_FemFuturo')","actions":{"Eliminar_Datos_Adjuntos_FemFuturo":{"runAfter":{},"metadata":{"operationMetadataId":"56916631-f1f2-4667-9c51-a1f932c6e3d5"},"type":"OpenApiConnection","inputs":{"host":{"apiId":"/providers/Microsoft.PowerApps/apis/shared_sharepointonline","connectionName":"shared_sharepointonline_1","operationId":"DeleteAttachment"},"parameters":{"dataset":"https://ganasa.sharepoint.com/sites/LiquidaciondePersonal-Automatizacin","table":"f477a9bf-376c-482d-b59c-7e12a89de25b","itemId":"@outputs('Abrir_Otra_Vez_FemFuturo')?['body/ID']","attachmentId":"@item()?['Id']"},"authentication":"@parameters('$authentication')"}}},"runAfter":{"Obtener_Datos_Adjuntos_para_Eliminarlos_FemFuturo":["Succeeded"]},"metadata":{"operationMetadataId":"4f0c81b8-483e-44ed-8274-588fdc7d7937"},"type":"Foreach"}},"runAfter":{},"expression":{"startsWith":["@items('Recorrer_Solicitudes_de_FemFuturo')?['Femfuturo']","SI"]},"metadata":{"operationMetadataId":"1dbf6cc0-6ad1-4706-90e6-4ff5e656bba7"},"type":"If"}},"runAfter":{"En_listar_la_información_de_la_lista_Solicitudes":["Succeeded"]},"metadata":{"operationMetadataId":"e9e5a91b-1b32-4579-bb41-0cdc715a9a51"},"type":"Foreach"},"Recorrer_Solicitudes_de_Compensacion":{"foreach":"@outputs('En_listar_la_información_de_la_lista_Solicitudes')?['body/value']","actions":{"Condition_7":{"actions":{"Send_an_email_(V2)_7":{"runAfter":{},"metadata":{"operationMetadataId":"a2ab42c4-9110-4cb7-a1dd-b4c02dfc51be"},"type":"OpenApiConnection","inputs":{"host":{"apiId":"/providers/Microsoft.PowerApps/apis/shared_office365","connectionName":"shared_office365_1","operationId":"SendEmailV2"},"parameters":{"emailMessage/To":"laura.jaramillo@gruporeditos.com;juan.ramirez@gruporeditos.com","emailMessage/Subject":"Devolución de Paz y Salvo incorrecto","emailMessage/Body":"<p>@{items('Recorrer_Solicitudes_de_Compensacion')?['Compensacion_x002d_Observacion']}<br>\n<br>\n<strong>Por favor, no responda ni envíe correos de respuesta a la cuenta correo.automatizacion@gruporeditos.com.<br>\n<br>\nCordialmente, Automatizacion</strong></p>","emailMessage/Cc":"sara.arboleda@gruporeditos.com;aprendiz.funcional@gruporeditos.com","emailMessage/Importance":"Normal"},"authentication":"@parameters('$authentication')"}},"Actualizar_Informacion_de_Solicitudes_Compensacion":{"runAfter":{"Send_an_email_(V2)_7":["Succeeded"]},"metadata":{"operationMetadataId":"0ee318e8-1712-4cfe-9d8b-308aa198a1b3"},"type":"OpenApiConnection","inputs":{"host":{"apiId":"/providers/Microsoft.PowerApps/apis/shared_sharepointonline","connectionName":"shared_sharepointonline_1","operationId":"PatchItem"},"parameters":{"dataset":"https://ganasa.sharepoint.com/sites/LiquidaciondePersonal-Automatizacin","table":"15ed073c-7906-45a3-97b2-d94c52a4fd48","id":"@items('Recorrer_Solicitudes_de_Compensacion')?['ID']","item/Id0":"@items('Recorrer_Solicitudes_de_Compensacion')?['Id0']","item/Compensacion":"ENVIADO"},"authentication":"@parameters('$authentication')"}},"Abrir_Otra_Vez_Compensacion":{"runAfter":{"Actualizar_Informacion_de_Solicitudes_Compensacion":["Succeeded"]},"metadata":{"operationMetadataId":"fd8f8413-8084-43d0-9449-5bef1a0aadf4"},"type":"OpenApiConnection","inputs":{"host":{"apiId":"/providers/Microsoft.PowerApps/apis/shared_sharepointonline","connectionName":"shared_sharepointonline_1","operationId":"PatchItem"},"parameters":{"dataset":"https://ganasa.sharepoint.com/sites/LiquidaciondePersonal-Automatizacin","table":"09336804-f96b-4d8a-900b-e060bc01a3f3","id":"@outputs('Actualizar_Informacion_de_Solicitudes_Compensacion')?['body/ID']","item/Id0":"@outputs('Actualizar_Informacion_de_Solicitudes_Compensacion')?['body/Id0']","item/Estado":"ABIERTO"},"authentication":"@parameters('$authentication')"}},"Obtener_Datos_Adjuntos_para_Eliminarlos_Compensacion":{"runAfter":{"Abrir_Otra_Vez_Compensacion":["Succeeded"]},"metadata":{"operationMetadataId":"aa378e53-f54b-44ae-be58-3024eb8a8069"},"type":"OpenApiConnection","inputs":{"host":{"apiId":"/providers/Microsoft.PowerApps/apis/shared_sharepointonline","connectionName":"shared_sharepointonline_1","operationId":"GetItemAttachments"},"parameters":{"dataset":"https://ganasa.sharepoint.com/sites/LiquidaciondePersonal-Automatizacin","table":"09336804-f96b-4d8a-900b-e060bc01a3f3","itemId":"@outputs('Abrir_Otra_Vez_Compensacion')?['body/ID']"},"authentication":"@parameters('$authentication')"}},"Apply_to_each_4":{"foreach":"@body('Obtener_Datos_Adjuntos_para_Eliminarlos_Compensacion')","actions":{"Eliminar_Datos_Adjuntos_Compensacion":{"runAfter":{},"metadata":{"operationMetadataId":"d416b495-c20c-4473-8de6-0155dcb65f01"},"type":"OpenApiConnection","inputs":{"host":{"apiId":"/providers/Microsoft.PowerApps/apis/shared_sharepointonline","connectionName":"shared_sharepointonline_1","operationId":"DeleteAttachment"},"parameters":{"dataset":"https://ganasa.sharepoint.com/sites/LiquidaciondePersonal-Automatizacin","table":"09336804-f96b-4d8a-900b-e060bc01a3f3","itemId":"@outputs('Abrir_Otra_Vez_Compensacion')?['body/ID']","attachmentId":"@item()?['Id']"},"authentication":"@parameters('$authentication')"}}},"runAfter":{"Obtener_Datos_Adjuntos_para_Eliminarlos_Compensacion":["Succeeded"]},"metadata":{"operationMetadataId":"eac3cb9a-1ba6-4190-ac8f-e51b79ac5c2f"},"type":"Foreach"}},"runAfter":{},"expression":{"startsWith":["@items('Recorrer_Solicitudes_de_Compensacion')?['Compensacion']","SI"]},"metadata":{"operationMetadataId":"b5953a87-639f-4824-889a-900107e3c580"},"type":"If"}},"runAfter":{"En_listar_la_información_de_la_lista_Solicitudes":["Succeeded"]},"metadata":{"operationMetadataId":"85218244-1edd-4a1b-a3ca-2335cc024982"},"type":"Foreach"}},"outputs":{}},"connectionReferences":{"shared_sharepointonline_1":{"connectionName":"shared-sharepointonl-1468f75e-42a0-4a33-84c4-6c3f1ffbe227","source":"Embedded","id":"/providers/Microsoft.PowerApps/apis/shared_sharepointonline","tier":"NotSpecified"},"shared_office365_1":{"connectionName":"shared-office365-5d607ebf-363e-413c-80e3-c66c6191c1c3","source":"Embedded","id":"/providers/Microsoft.PowerApps/apis/shared_office365","tier":"NotSpecified"}},"flowFailureAlertSubscribed":false,"isManaged":false}}