{"name":"7e4a1f16-3138-4ab9-a5a6-2e754ead695c","id":"/providers/Microsoft.Flow/flows/7e4a1f16-3138-4ab9-a5a6-2e754ead695c","type":"Microsoft.Flow/flows","properties":{"apiId":"/providers/Microsoft.PowerApps/apis/shared_logicflows","displayName":"Notificaciones a las Areas","definition":{"metadata":{"workflowEntityId":null,"processAdvisorMetadata":null,"flowChargedByPaygo":null,"flowclientsuspensionreason":"None","flowclientsuspensiontime":null,"flowclientsuspensionreasondetails":null,"creator":{"id":"cf999034-e3c2-41fe-a9b6-90ef2e3f5c48","type":"User","tenantId":"d6a2ecba-dd2a-4f0c-a632-6798e31995bb"},"provisioningMethod":"FromDefinition","failureAlertSubscription":true,"clientLastModifiedTime":"2024-08-30T00:28:28.8727712Z","connectionKeySavedTimeKey":"2024-08-30T00:28:28.8727712Z"},"$schema":"https://schema.management.azure.com/providers/Microsoft.Logic/schemas/2016-06-01/workflowdefinition.json#","contentVersion":"1.0.0.0","parameters":{"$connections":{"defaultValue":{},"type":"Object"},"$authentication":{"defaultValue":{},"type":"SecureObject"}},"triggers":{"Recurrencia_de_ejecucion":{"recurrence":{"frequency":"Day","interval":2,"timeZone":"SA Pacific Standard Time","schedule":{"hours":["14"]}},"metadata":{"operationMetadataId":"ee665c91-b3ab-4ee9-a2ad-567b5450b118"},"type":"Recurrence"}},"actions":{"Obtener_Valores_de_la_columna_ESTADO_RL":{"runAfter":{"Inicializar_variable_Compensacion":["Succeeded"]},"metadata":{"operationMetadataId":"75f2a6ca-9a18-4c21-93e5-4716f50d9463"},"type":"OpenApiConnection","inputs":{"host":{"apiId":"/providers/Microsoft.PowerApps/apis/shared_sharepointonline","connectionName":"shared_sharepointonline_1","operationId":"GetItems"},"parameters":{"dataset":"https://ganasa.sharepoint.com/sites/LiquidaciondePersonal-Automatizacin","table":"be386770-ea8f-47bf-84ca-1cfabb83c251","$filter":"Estado eq 'ABIERTO'"},"authentication":"@parameters('$authentication')"}},"Hacer_Conteo_de_cuantas_Estados_ABIERTOS_son_RL":{"foreach":"@outputs('Obtener_Valores_de_la_columna_ESTADO_RL')?['body/value']","actions":{"Incrementar_Variable":{"runAfter":{},"metadata":{"operationMetadataId":"d294826d-aa84-4c63-aa5c-9da22fb1d378"},"type":"AppendToArrayVariable","inputs":{"name":"RL","value":"@items('Hacer_Conteo_de_cuantas_Estados_ABIERTOS_son_RL')?['ID']"}}},"runAfter":{"Obtener_Valores_de_la_columna_ESTADO_RL":["Succeeded"]},"metadata":{"operationMetadataId":"56daacef-c97f-4ec8-b1f6-2bdab5d5d361"},"type":"Foreach"},"Inicializar_variable_RL":{"runAfter":{},"metadata":{"operationMetadataId":"2c8b5b7e-3cb4-4214-9daf-9781ba69a4cd"},"type":"InitializeVariable","inputs":{"variables":[{"name":"RL","type":"array"}]}},"Obtener_el_Tamaño_total_de_la_variable":{"runAfter":{"Hacer_Conteo_de_cuantas_Estados_ABIERTOS_son_RL":["Succeeded"]},"metadata":{"operationMetadataId":"fc8e7f70-3830-4f35-a3c9-e3bbe68ccd5c"},"type":"Compose","inputs":"@length(variables('RL'))"},"Obtener_Valores_de_la_columna_ESTADO_Cartera":{"runAfter":{"Inicializar_variable_Compensacion":["Succeeded"]},"metadata":{"operationMetadataId":"58caeb9a-9f6b-416d-8978-28b6468b0c97"},"type":"OpenApiConnection","inputs":{"host":{"apiId":"/providers/Microsoft.PowerApps/apis/shared_sharepointonline","connectionName":"shared_sharepointonline_1","operationId":"GetItems"},"parameters":{"dataset":"https://ganasa.sharepoint.com/sites/LiquidaciondePersonal-Automatizacin","table":"4dcf93a4-1524-4b01-8db7-8c1210147aa8","$filter":"Estado eq 'ABIERTO'"},"authentication":"@parameters('$authentication')"}},"Obtener_Valores_de_la_Columna_ESTADO_Contabilidad":{"runAfter":{"Inicializar_variable_Compensacion":["Succeeded"]},"metadata":{"operationMetadataId":"9c470c0d-0094-4af8-851d-e03319ad02f6"},"type":"OpenApiConnection","inputs":{"host":{"apiId":"/providers/Microsoft.PowerApps/apis/shared_sharepointonline","connectionName":"shared_sharepointonline_1","operationId":"GetItems"},"parameters":{"dataset":"https://ganasa.sharepoint.com/sites/LiquidaciondePersonal-Automatizacin","table":"9d9adf26-d0dd-4ea4-a1c8-d6e7f8a7b201","$filter":"Estado eq 'ABIERTO'"},"authentication":"@parameters('$authentication')"}},"Obtener_Valores_de_la_Columna_ESTADO_GCT":{"runAfter":{"Inicializar_variable_Compensacion":["Succeeded"]},"metadata":{"operationMetadataId":"076201fd-b475-4322-b60f-e8c0e68b9ba9"},"type":"OpenApiConnection","inputs":{"host":{"apiId":"/providers/Microsoft.PowerApps/apis/shared_sharepointonline","connectionName":"shared_sharepointonline_1","operationId":"GetItems"},"parameters":{"dataset":"https://ganasa.sharepoint.com/sites/LiquidaciondePersonal-Automatizacin","table":"68c110b7-9aa4-40ec-b6cb-ad3d0c6a20f8","$filter":"Estado eq 'ABIERTO'"},"authentication":"@parameters('$authentication')"}},"Obtener_Valores_de_la_Columna_ESTADO_Canales":{"runAfter":{"Inicializar_variable_Compensacion":["Succeeded"]},"metadata":{"operationMetadataId":"76820ac9-2f63-457c-9177-6a655751177d"},"type":"OpenApiConnection","inputs":{"host":{"apiId":"/providers/Microsoft.PowerApps/apis/shared_sharepointonline","connectionName":"shared_sharepointonline_1","operationId":"GetItems"},"parameters":{"dataset":"https://ganasa.sharepoint.com/sites/LiquidaciondePersonal-Automatizacin","table":"3f5c956d-4ad6-4e71-9bb1-7c13e3e1df89","$filter":"Estado eq 'ABIERTO'"},"authentication":"@parameters('$authentication')"}},"Obtener_Valores_de_la_Columna_ESTADO_FemFuturo":{"runAfter":{"Inicializar_variable_Compensacion":["Succeeded"]},"metadata":{"operationMetadataId":"ebede6a8-d76b-4d14-b1ed-60db85efe511"},"type":"OpenApiConnection","inputs":{"host":{"apiId":"/providers/Microsoft.PowerApps/apis/shared_sharepointonline","connectionName":"shared_sharepointonline_1","operationId":"GetItems"},"parameters":{"dataset":"https://ganasa.sharepoint.com/sites/LiquidaciondePersonal-Automatizacin","table":"f477a9bf-376c-482d-b59c-7e12a89de25b","$filter":"Estado eq 'ABIERTO'"},"authentication":"@parameters('$authentication')"}},"Obtener_Valores_de_la_Columna_ESTADO_Compensacion":{"runAfter":{"Inicializar_variable_Compensacion":["Succeeded"]},"metadata":{"operationMetadataId":"a6c571d0-07cb-45f8-84be-73523e2bcaf7"},"type":"OpenApiConnection","inputs":{"host":{"apiId":"/providers/Microsoft.PowerApps/apis/shared_sharepointonline","connectionName":"shared_sharepointonline_1","operationId":"GetItems"},"parameters":{"dataset":"https://ganasa.sharepoint.com/sites/LiquidaciondePersonal-Automatizacin","table":"09336804-f96b-4d8a-900b-e060bc01a3f3","$filter":"Estado eq 'ABIERTO'"},"authentication":"@parameters('$authentication')"}},"Hacer_Conteo_de_Cuantos_Estados_ABIERTOS_son_Cartera":{"foreach":"@outputs('Obtener_Valores_de_la_columna_ESTADO_Cartera')?['body/value']","actions":{"Incrementar_Variable_2":{"runAfter":{},"metadata":{"operationMetadataId":"d294826d-aa84-4c63-aa5c-9da22fb1d378"},"type":"AppendToArrayVariable","inputs":{"name":"Cartera","value":"@items('Hacer_Conteo_de_Cuantos_Estados_ABIERTOS_son_Cartera')?['ID']"}}},"runAfter":{"Obtener_Valores_de_la_columna_ESTADO_Cartera":["Succeeded"]},"metadata":{"operationMetadataId":"56daacef-c97f-4ec8-b1f6-2bdab5d5d361"},"type":"Foreach"},"Hacer_Conteo_de_Cuantos_Estados_ABIERTOS_son_Contabilidad":{"foreach":"@outputs('Obtener_Valores_de_la_Columna_ESTADO_Contabilidad')?['body/value']","actions":{"Incrementar_Variable_3":{"runAfter":{},"metadata":{"operationMetadataId":"d294826d-aa84-4c63-aa5c-9da22fb1d378"},"type":"AppendToArrayVariable","inputs":{"name":"Contabilidad","value":"@items('Hacer_Conteo_de_Cuantos_Estados_ABIERTOS_son_Contabilidad')?['ID']"}}},"runAfter":{"Obtener_Valores_de_la_Columna_ESTADO_Contabilidad":["Succeeded"]},"metadata":{"operationMetadataId":"9315457f-5937-4e2e-abc3-878304576832"},"type":"Foreach"},"Hacer_Conteo_de_Cuantos_Estados_ABIERTOS_son_GCT":{"foreach":"@outputs('Obtener_Valores_de_la_Columna_ESTADO_GCT')?['body/value']","actions":{"Incrementar_Variable_4":{"runAfter":{},"metadata":{"operationMetadataId":"d294826d-aa84-4c63-aa5c-9da22fb1d378"},"type":"AppendToArrayVariable","inputs":{"name":"GCT","value":"@items('Hacer_Conteo_de_Cuantos_Estados_ABIERTOS_son_GCT')?['ID']"}}},"runAfter":{"Obtener_Valores_de_la_Columna_ESTADO_GCT":["Succeeded"]},"metadata":{"operationMetadataId":"9315457f-5937-4e2e-abc3-878304576832"},"type":"Foreach"},"Hacer_Conteo_de_Cuantos_Estados_ABIERTOS_son_Canales":{"foreach":"@outputs('Obtener_Valores_de_la_Columna_ESTADO_Canales')?['body/value']","actions":{"Incrementar_Variable_5":{"runAfter":{},"metadata":{"operationMetadataId":"d294826d-aa84-4c63-aa5c-9da22fb1d378"},"type":"AppendToArrayVariable","inputs":{"name":"Canales","value":"@items('Hacer_Conteo_de_Cuantos_Estados_ABIERTOS_son_Canales')?['ID']"}}},"runAfter":{"Obtener_Valores_de_la_Columna_ESTADO_Canales":["Succeeded"]},"metadata":{"operationMetadataId":"9315457f-5937-4e2e-abc3-878304576832"},"type":"Foreach"},"Hacer_Conteo_de_Cuantos_Estados_ABIERTOS_son_FemFuturo":{"foreach":"@outputs('Obtener_Valores_de_la_Columna_ESTADO_FemFuturo')?['body/value']","actions":{"Incrementar_Variable_6":{"runAfter":{},"metadata":{"operationMetadataId":"d294826d-aa84-4c63-aa5c-9da22fb1d378"},"type":"AppendToArrayVariable","inputs":{"name":"FemFuturo","value":"@items('Hacer_Conteo_de_Cuantos_Estados_ABIERTOS_son_FemFuturo')?['ID']"}}},"runAfter":{"Obtener_Valores_de_la_Columna_ESTADO_FemFuturo":["Succeeded"]},"metadata":{"operationMetadataId":"9315457f-5937-4e2e-abc3-878304576832"},"type":"Foreach"},"Hacer_Conteo_de_Cuantos_Estados_ABIERTOS_son_Compensacion":{"foreach":"@outputs('Obtener_Valores_de_la_Columna_ESTADO_Compensacion')?['body/value']","actions":{"Incrementar_Variable_7":{"runAfter":{},"metadata":{"operationMetadataId":"d294826d-aa84-4c63-aa5c-9da22fb1d378"},"type":"AppendToArrayVariable","inputs":{"name":"Compensacion","value":"@items('Hacer_Conteo_de_Cuantos_Estados_ABIERTOS_son_Compensacion')?['ID']"}}},"runAfter":{"Obtener_Valores_de_la_Columna_ESTADO_Compensacion":["Succeeded"]},"metadata":{"operationMetadataId":"9315457f-5937-4e2e-abc3-878304576832"},"type":"Foreach"},"Obtener_el_Tamaño_total_de_la_variable_2":{"runAfter":{"Hacer_Conteo_de_Cuantos_Estados_ABIERTOS_son_Cartera":["Succeeded"]},"metadata":{"operationMetadataId":"fc8e7f70-3830-4f35-a3c9-e3bbe68ccd5c"},"type":"Compose","inputs":"@length(variables('Cartera'))"},"Obtener_el_Tamaño_total_de_la_variable_3":{"runAfter":{"Hacer_Conteo_de_Cuantos_Estados_ABIERTOS_son_Contabilidad":["Succeeded"]},"metadata":{"operationMetadataId":"fc8e7f70-3830-4f35-a3c9-e3bbe68ccd5c"},"type":"Compose","inputs":"@length(variables('Contabilidad'))"},"Obtener_el_Tamaño_total_de_la_variable_4":{"runAfter":{"Hacer_Conteo_de_Cuantos_Estados_ABIERTOS_son_GCT":["Succeeded"]},"metadata":{"operationMetadataId":"fc8e7f70-3830-4f35-a3c9-e3bbe68ccd5c"},"type":"Compose","inputs":"@length(variables('GCT'))"},"Obtener_el_Tamaño_total_de_la_variable_5":{"runAfter":{"Hacer_Conteo_de_Cuantos_Estados_ABIERTOS_son_Canales":["Succeeded"]},"metadata":{"operationMetadataId":"fc8e7f70-3830-4f35-a3c9-e3bbe68ccd5c"},"type":"Compose","inputs":"@length(variables('Canales'))"},"Obtener_el_Tamaño_total_de_la_variable_6":{"runAfter":{"Hacer_Conteo_de_Cuantos_Estados_ABIERTOS_son_FemFuturo":["Succeeded"]},"metadata":{"operationMetadataId":"fc8e7f70-3830-4f35-a3c9-e3bbe68ccd5c"},"type":"Compose","inputs":"@length(variables('FemFuturo'))"},"Obtener_el_Tamaño_total_de_la_variable_7":{"runAfter":{"Hacer_Conteo_de_Cuantos_Estados_ABIERTOS_son_Compensacion":["Succeeded"]},"metadata":{"operationMetadataId":"fc8e7f70-3830-4f35-a3c9-e3bbe68ccd5c"},"type":"Compose","inputs":"@length(variables('Compensacion'))"},"Condition":{"actions":{"Enviar_Email_a_RL":{"runAfter":{},"metadata":{"operationMetadataId":"5e4830ba-9c67-4589-83b5-9785fecb117b"},"type":"OpenApiConnection","inputs":{"host":{"apiId":"/providers/Microsoft.PowerApps/apis/shared_office365","connectionName":"shared_office365_1","operationId":"SendEmailV2"},"parameters":{"emailMessage/To":"leidy.arango@gruporeditos.com;darcy.agudelo@gruporeditos.com","emailMessage/Subject":"Recordatorio de Paz y Salvos","emailMessage/Body":"<p>Cordial saludo<br>\n<br>\nEste correo es para recordarles que aún se encuentran pendientes de generar los Paz y Salvos de los colaboradores a retirar.<br>\n<br>\nSolicitamos amablemente realizar este proceso lo antes posible para continuar con los tiempos establecidos.<br>\n<br>\n<strong>Nota</strong>: Recuerda que, para adjuntar los documentos solicitados, deben realizarlo a través del grupo de Teams “<strong>Liquidación de Personal</strong>”.<br>\n<br>\nAgradecemos su colaboración y estamos a su disposición para cualquier duda o consulta.<br>\n<br>\nSaludos cordiales</p>","emailMessage/Importance":"Normal"},"authentication":"@parameters('$authentication')"}}},"runAfter":{"Obtener_el_Tamaño_total_de_la_variable":["Succeeded"]},"expression":{"greater":["@outputs('Obtener_el_Tamaño_total_de_la_variable')",0]},"metadata":{"operationMetadataId":"f60adf12-58fe-4f86-889d-9754e51988e2"},"type":"If"},"Inicializar_variable_Cartera":{"runAfter":{"Inicializar_variable_RL":["Succeeded"]},"metadata":{"operationMetadataId":"2c8b5b7e-3cb4-4214-9daf-9781ba69a4cd"},"type":"InitializeVariable","inputs":{"variables":[{"name":"Cartera","type":"array"}]}},"Inicializar_variable_Contabilidad":{"runAfter":{"Inicializar_variable_Cartera":["Succeeded"]},"metadata":{"operationMetadataId":"2c8b5b7e-3cb4-4214-9daf-9781ba69a4cd"},"type":"InitializeVariable","inputs":{"variables":[{"name":"Contabilidad","type":"array"}]}},"Inicializar_variable_GCT":{"runAfter":{"Inicializar_variable_Contabilidad":["Succeeded"]},"metadata":{"operationMetadataId":"2c8b5b7e-3cb4-4214-9daf-9781ba69a4cd"},"type":"InitializeVariable","inputs":{"variables":[{"name":"GCT","type":"array"}]}},"Inicializar_variable_Canales":{"runAfter":{"Inicializar_variable_GCT":["Succeeded"]},"metadata":{"operationMetadataId":"2c8b5b7e-3cb4-4214-9daf-9781ba69a4cd"},"type":"InitializeVariable","inputs":{"variables":[{"name":"Canales","type":"array"}]}},"Inicializar_variable_Femfuturo":{"runAfter":{"Inicializar_variable_Canales":["Succeeded"]},"metadata":{"operationMetadataId":"2c8b5b7e-3cb4-4214-9daf-9781ba69a4cd"},"type":"InitializeVariable","inputs":{"variables":[{"name":"FemFuturo","type":"array"}]}},"Inicializar_variable_Compensacion":{"runAfter":{"Inicializar_variable_Femfuturo":["Succeeded"]},"metadata":{"operationMetadataId":"2c8b5b7e-3cb4-4214-9daf-9781ba69a4cd"},"type":"InitializeVariable","inputs":{"variables":[{"name":"Compensacion","type":"array"}]}},"Condition_2":{"actions":{"Enviar_Email_a_Cartera":{"runAfter":{},"metadata":{"operationMetadataId":"5e4830ba-9c67-4589-83b5-9785fecb117b"},"type":"OpenApiConnection","inputs":{"host":{"apiId":"/providers/Microsoft.PowerApps/apis/shared_office365","connectionName":"shared_office365_1","operationId":"SendEmailV2"},"parameters":{"emailMessage/To":"jimena.lopez@gruporeditos.com","emailMessage/Subject":"Recordatorio de Paz y Salvos","emailMessage/Body":"<p>Cordial saludo<br>\n<br>\nEste correo es para recordarles que aún se encuentran pendientes de generar los Paz y Salvos de los colaboradores a retirar.<br>\n<br>\nSolicitamos amablemente realizar este proceso lo antes posible para continuar con los tiempos establecidos.<br>\n<br>\n<strong>Nota</strong>: Recuerda que, para adjuntar los documentos solicitados, deben realizarlo a través del grupo de Teams “<strong>Liquidación de Personal</strong>”.<br>\n<br>\nAgradecemos su colaboración y estamos a su disposición para cualquier duda o consulta.<br>\n<br>\nSaludos cordiales</p>","emailMessage/Importance":"Normal"},"authentication":"@parameters('$authentication')"}}},"runAfter":{"Obtener_el_Tamaño_total_de_la_variable_2":["Succeeded"]},"expression":{"greater":["@outputs('Obtener_el_Tamaño_total_de_la_variable_2')",0]},"metadata":{"operationMetadataId":"f60adf12-58fe-4f86-889d-9754e51988e2"},"type":"If"},"Condition_3":{"actions":{"Enviar_Email_a_Contabilidad":{"runAfter":{},"metadata":{"operationMetadataId":"5e4830ba-9c67-4589-83b5-9785fecb117b"},"type":"OpenApiConnection","inputs":{"host":{"apiId":"/providers/Microsoft.PowerApps/apis/shared_office365","connectionName":"shared_office365_1","operationId":"SendEmailV2"},"parameters":{"emailMessage/To":"aprendiz.reditos@gruporeditos.com;daissy.castrillon@GANASA.onmicrosoft.com;fernando.metaute@gruporeditos.com;gloria.ochoa@gruporeditos.com;katherin.acevedo@gruporeditos.com;margarita.sanchez@gruporeditos.com;mario.giron@gruporeditos.com;mery.gomez@gruporeditos.com;paola.ortiz@gruporeditos.com;monica.zuluaga@gruporeditos.com;jose.zapata@gruporeditos.com;luz.molina@gruporeditos.com;manuela.torrado@gruporeditos.com;victoria.gutierrez@gruporeditos.com;melissa.gomez@gruporeditos.com","emailMessage/Subject":"Recordatorio de Paz y Salvos","emailMessage/Body":"<p>Cordial saludo,<br>\n<br>\nEste correo es para recordarles que aún tenemos excolaboradores pendientes de subir sus documentos de Paz y Salvos. Les solicitamos amablemente que completen este proceso lo antes posible para evitar retrasos.<br>\n<br>\n<strong>Nota: </strong>Para adjuntar los documentos solicitados, les agradecemos realizarlo a través del grupo de Teams “<strong>Liquidación de Personal</strong>”.<br>\n<br>\nAgradecemos su colaboración y estamos a su disposición para cualquier duda o consulta.<br>\n<br>\nFeliz día y gracias por su apoyo.</p>","emailMessage/Importance":"Normal"},"authentication":"@parameters('$authentication')"}}},"runAfter":{"Obtener_el_Tamaño_total_de_la_variable_3":["Succeeded"]},"expression":{"greater":["@outputs('Obtener_el_Tamaño_total_de_la_variable_3')",0]},"metadata":{"operationMetadataId":"f60adf12-58fe-4f86-889d-9754e51988e2"},"type":"If"},"Condition_4":{"actions":{"Enviar_Email_a_GCT":{"runAfter":{},"metadata":{"operationMetadataId":"5e4830ba-9c67-4589-83b5-9785fecb117b"},"type":"OpenApiConnection","inputs":{"host":{"apiId":"/providers/Microsoft.PowerApps/apis/shared_office365","connectionName":"shared_office365_1","operationId":"SendEmailV2"},"parameters":{"emailMessage/To":"luisa.torres@gruporeditos.com;zulima.hernandez@gruporeditos.com","emailMessage/Subject":"Recordatorio de Paz y Salvos","emailMessage/Body":"<p>Cordial saludo,<br>\n<br>\nEste correo es para recordarles que aún tenemos excolaboradores pendientes de subir sus documentos de Paz y Salvos. Les solicitamos amablemente que completen este proceso lo antes posible para evitar retrasos.<br>\n<br>\n<strong>Nota</strong>: Para adjuntar los documentos solicitados, les agradecemos realizarlo a través del grupo de Teams “<strong>Liquidación de Personal</strong>”.<br>\n<br>\nAgradecemos su colaboración y estamos a su disposición para cualquier duda o consulta.<br>\n<br>\nFeliz día y gracias por su apoyo.</p>","emailMessage/Importance":"Normal"},"authentication":"@parameters('$authentication')"}}},"runAfter":{"Obtener_el_Tamaño_total_de_la_variable_4":["Succeeded"]},"expression":{"greater":["@outputs('Obtener_el_Tamaño_total_de_la_variable_4')",0]},"metadata":{"operationMetadataId":"f60adf12-58fe-4f86-889d-9754e51988e2"},"type":"If"},"Condition_5":{"actions":{"Enviar_Email_a_Canales":{"runAfter":{},"metadata":{"operationMetadataId":"5e4830ba-9c67-4589-83b5-9785fecb117b"},"type":"OpenApiConnection","inputs":{"host":{"apiId":"/providers/Microsoft.PowerApps/apis/shared_office365","connectionName":"shared_office365_1","operationId":"SendEmailV2"},"parameters":{"emailMessage/To":"yonatan.hernandez@gruporeditos.com;marcela.triana@gruporeditos.com;sirley.rengifo@gruporeditos.com;sandra.vasquez@gruporeditos.com;sandra.torres@gruporeditos.com;mariana.velez@gruporeditos.com;liliana.gomez@gruporeditos.com;ingrid.quintero@gruporeditos.com;gabriel.henao@gruporeditos.com;arley.franco@gruporeditos.com;diana.castro@gruporeditos.com;arledis.rivera@gruporeditos.com;anlly.pabon@GANASA.onmicrosoft.com;natalia.vanegas@gruporeditos.com","emailMessage/Subject":"Recordatorio de Paz y Salvos","emailMessage/Body":"<p>Cordial saludo,<br>\n<br>\nEste correo es para recordarles que aún tenemos excolaboradores pendientes de subir sus documentos de Paz y Salvos. Les solicitamos amablemente que completen este proceso lo antes posible para evitar retrasos.<br>\n<br>\n<strong>Nota</strong>: Para adjuntar los documentos solicitados, les agradecemos realizarlo a través del grupo de Teams “<strong>Liquidación de Personal</strong>”.<br>\n<br>\nAgradecemos su colaboración y estamos a su disposición para cualquier duda o consulta.<br>\n<br>\nFeliz día y gracias por su apoyo.</p>","emailMessage/Importance":"Normal"},"authentication":"@parameters('$authentication')"}}},"runAfter":{"Obtener_el_Tamaño_total_de_la_variable_5":["Succeeded"]},"expression":{"greater":["@outputs('Obtener_el_Tamaño_total_de_la_variable_5')",0]},"metadata":{"operationMetadataId":"f60adf12-58fe-4f86-889d-9754e51988e2"},"type":"If"},"Condition_6":{"actions":{"Enviar_Email_a_FemFuturo":{"runAfter":{},"metadata":{"operationMetadataId":"5e4830ba-9c67-4589-83b5-9785fecb117b"},"type":"OpenApiConnection","inputs":{"host":{"apiId":"/providers/Microsoft.PowerApps/apis/shared_office365","connectionName":"shared_office365_1","operationId":"SendEmailV2"},"parameters":{"emailMessage/To":"eugenia.vanegas@femfuturo.com.co;mercadeo@femfuturo.com.co;natalia.gomez@femfuturo.com.co;analista.contable@femfuturo.com.co;cartera.femfuturo@femfuturo.com.co","emailMessage/Subject":"Recordatorio de Paz y Salvos","emailMessage/Body":"<p>Cordial saludo,<br>\n<br>\nEste correo es para recordarles que aún tenemos excolaboradores pendientes de subir sus documentos de Paz y Salvos. Les solicitamos amablemente que completen este proceso lo antes posible para evitar retrasos.<br>\n<br>\n<strong>Nota</strong>: Para adjuntar los documentos solicitados, les agradecemos realizarlo a través del grupo de Teams “<strong>Liquidación de Personal</strong>”.<br>\n<br>\nAgradecemos su colaboración y estamos a su disposición para cualquier duda o consulta.<br>\n<br>\nFeliz día y gracias por su apoyo.</p>","emailMessage/Importance":"Normal"},"authentication":"@parameters('$authentication')"}}},"runAfter":{"Obtener_el_Tamaño_total_de_la_variable_6":["Succeeded"]},"expression":{"greater":["@outputs('Obtener_el_Tamaño_total_de_la_variable_6')",0]},"metadata":{"operationMetadataId":"f60adf12-58fe-4f86-889d-9754e51988e2"},"type":"If"},"Condition_7":{"actions":{"Enviar_Email_a_Compensacion":{"runAfter":{},"metadata":{"operationMetadataId":"5e4830ba-9c67-4589-83b5-9785fecb117b"},"type":"OpenApiConnection","inputs":{"host":{"apiId":"/providers/Microsoft.PowerApps/apis/shared_office365","connectionName":"shared_office365_1","operationId":"SendEmailV2"},"parameters":{"emailMessage/To":"juan.ramirez@gruporeditos.com;laura.jaramillo@gruporeditos.com","emailMessage/Subject":"Recordatorio de Paz y Salvos","emailMessage/Body":"<p>Cordial saludo,<br>\n<br>\nEste correo es para recordarles que aún tenemos excolaboradores pendientes de subir sus documentos de Paz y Salvos. Les solicitamos amablemente que completen este proceso lo antes posible para evitar retrasos.<br>\n<br>\n<strong>Nota</strong>: Para adjuntar los documentos solicitados, les agradecemos realizarlo a través del grupo de Teams “<strong>Liquidación de Personal</strong>”.<br>\n<br>\nAgradecemos su colaboración y estamos a su disposición para cualquier duda o consulta.<br>\n<br>\nFeliz día y gracias por su apoyo.</p>","emailMessage/Importance":"Normal"},"authentication":"@parameters('$authentication')"}}},"runAfter":{"Obtener_el_Tamaño_total_de_la_variable_7":["Succeeded"]},"expression":{"greater":["@outputs('Obtener_el_Tamaño_total_de_la_variable_7')",0]},"metadata":{"operationMetadataId":"f60adf12-58fe-4f86-889d-9754e51988e2"},"type":"If"}},"outputs":{}},"connectionReferences":{"shared_sharepointonline_1":{"connectionName":"shared-sharepointonl-1468f75e-42a0-4a33-84c4-6c3f1ffbe227","source":"Embedded","id":"/providers/Microsoft.PowerApps/apis/shared_sharepointonline","tier":"NotSpecified"},"shared_office365_1":{"connectionName":"shared-office365-5d607ebf-363e-413c-80e3-c66c6191c1c3","source":"Embedded","id":"/providers/Microsoft.PowerApps/apis/shared_office365","tier":"NotSpecified"}},"flowFailureAlertSubscribed":false,"isManaged":false}}