{"name":"a7ba0efb-1f0e-4b4e-8a3e-dd76f7b85fdc","id":"/providers/Microsoft.Flow/flows/a7ba0efb-1f0e-4b4e-8a3e-dd76f7b85fdc","type":"Microsoft.Flow/flows","properties":{"apiId":"/providers/Microsoft.PowerApps/apis/shared_logicflows","displayName":"Envio de Notificacion al Lider","definition":{"metadata":{"workflowEntityId":null,"processAdvisorMetadata":null,"flowChargedByPaygo":null,"flowclientsuspensionreason":"None","flowclientsuspensiontime":null,"flowclientsuspensionreasondetails":null,"creator":{"id":"cf999034-e3c2-41fe-a9b6-90ef2e3f5c48","type":"User","tenantId":"d6a2ecba-dd2a-4f0c-a632-6798e31995bb"},"provisioningMethod":"FromDefinition","failureAlertSubscription":true,"clientLastModifiedTime":"2024-08-30T00:31:57.5066816Z","connectionKeySavedTimeKey":"2024-08-30T00:31:57.5066816Z"},"$schema":"https://schema.management.azure.com/providers/Microsoft.Logic/schemas/2016-06-01/workflowdefinition.json#","contentVersion":"1.0.0.0","parameters":{"$connections":{"defaultValue":{},"type":"Object"},"$authentication":{"defaultValue":{},"type":"SecureObject"}},"triggers":{"Recurrence":{"recurrence":{"frequency":"Day","interval":1,"timeZone":"SA Pacific Standard Time","schedule":{"hours":["8","16","12"]}},"metadata":{"operationMetadataId":"4b5e65c8-1538-4a62-9bf9-19cf7414295b"},"type":"Recurrence"}},"actions":{"Aplicar_a_cada_ExColaborador_que_cumpla_con_la_siguiente_condicion":{"foreach":"@outputs('Obtener_la_información_del_Excolaborador')?['body/value']","actions":{"Condition":{"actions":{"Send_an_email_(V2)":{"runAfter":{},"metadata":{"operationMetadataId":"f3b3a6d0-f6a6-4e71-a59f-869e469c032a"},"type":"OpenApiConnection","inputs":{"host":{"apiId":"/providers/Microsoft.PowerApps/apis/shared_office365","connectionName":"shared_office365_1","operationId":"SendEmailV2"},"parameters":{"emailMessage/To":"@items('Aplicar_a_cada_ExColaborador_que_cumpla_con_la_siguiente_condicion')?['Correodellider']","emailMessage/Subject":"Anexar documentos restantes - Liquidacion de prestaciones sociales","emailMessage/Body":"<p>Cordial saludo,<br>\n<br>\nEste correo es para recordarle que aún necesitamos los documentos faltantes para completar el proceso de liquidación de sus prestaciones sociales del Excolaborador <strong>\"</strong><strong>@{items('Aplicar_a_cada_ExColaborador_que_cumpla_con_la_siguiente_condicion')?['Nombrecompleto']}</strong><strong>\" </strong>Agradecemos su pronta colaboración para que podamos avanzar lo antes posible.<br>\n<br>\nPor favor, adjunte los documentos restantes en el siguiente formulario.<br>\n<br>\nPara diligenciar este formulario ten en cuenta los siguientes datos:<br>\n<br>\n<strong>ID de su postulación: </strong>@{items('Aplicar_a_cada_ExColaborador_que_cumpla_con_la_siguiente_condicion')?['Id0']}<br>\n<strong>Nombre:</strong> &nbsp;@{items('Aplicar_a_cada_ExColaborador_que_cumpla_con_la_siguiente_condicion')?['Nombrecompleto']}<br>\n<strong>Numero de Documento:</strong> &nbsp;@{items('Aplicar_a_cada_ExColaborador_que_cumpla_con_la_siguiente_condicion')?['Documento']}<br>\n<strong>Link del Formulario:</strong> https://forms.office.com/r/dsuDSKavCj?origin=lprLink<br>\n<br>\nAgradecemos su colaboración y estamos a su disposición para cualquier duda o consulta.<br>\n<br>\nSaludos cordiales.</p>","emailMessage/Importance":"Normal"},"authentication":"@parameters('$authentication')"}},"Actualizar_la_informacion":{"runAfter":{"Send_an_email_(V2)":["Succeeded"]},"metadata":{"operationMetadataId":"ad2907f7-7f06-4444-9637-64ce7acc1b4c"},"type":"OpenApiConnection","inputs":{"host":{"apiId":"/providers/Microsoft.PowerApps/apis/shared_sharepointonline","connectionName":"shared_sharepointonline_1","operationId":"PatchItem"},"parameters":{"dataset":"https://ganasa.sharepoint.com/sites/LiquidaciondePersonal-Automatizacin","table":"15ed073c-7906-45a3-97b2-d94c52a4fd48","id":"@items('Aplicar_a_cada_ExColaborador_que_cumpla_con_la_siguiente_condicion')?['ID']","item/Id0":"@items('Aplicar_a_cada_ExColaborador_que_cumpla_con_la_siguiente_condicion')?['Id0']","item/Notificaci_x00f3_ndelL_x00ed_der":"ENVIADO"},"authentication":"@parameters('$authentication')"}}},"runAfter":{},"expression":{"startsWith":["@items('Aplicar_a_cada_ExColaborador_que_cumpla_con_la_siguiente_condicion')?['Notificaci_x00f3_ndelL_x00ed_der']","SI"]},"metadata":{"operationMetadataId":"d69e5888-787d-4ed7-a88f-7b6539cacef3"},"type":"If"}},"runAfter":{"Obtener_la_información_del_Excolaborador":["Succeeded"]},"metadata":{"operationMetadataId":"37a8550a-8a95-47ad-9b93-31dc1c4c952a"},"type":"Foreach"},"Obtener_la_información_del_Excolaborador":{"runAfter":{},"metadata":{"operationMetadataId":"085ec47f-f50a-4012-83ce-2dcfeb62ab89"},"type":"OpenApiConnection","inputs":{"host":{"apiId":"/providers/Microsoft.PowerApps/apis/shared_sharepointonline","connectionName":"shared_sharepointonline_1","operationId":"GetItems"},"parameters":{"dataset":"https://ganasa.sharepoint.com/sites/LiquidaciondePersonal-Automatizacin","table":"15ed073c-7906-45a3-97b2-d94c52a4fd48"},"authentication":"@parameters('$authentication')"}}},"outputs":{}},"connectionReferences":{"shared_office365_1":{"connectionName":"shared-office365-5d607ebf-363e-413c-80e3-c66c6191c1c3","source":"Embedded","id":"/providers/Microsoft.PowerApps/apis/shared_office365","tier":"NotSpecified"},"shared_sharepointonline_1":{"connectionName":"shared-sharepointonl-1468f75e-42a0-4a33-84c4-6c3f1ffbe227","source":"Embedded","id":"/providers/Microsoft.PowerApps/apis/shared_sharepointonline","tier":"NotSpecified"}},"flowFailureAlertSubscribed":false,"isManaged":false}}