{"name":"d33432e1-ab22-4d29-b16a-eafa91d25ac3","id":"/providers/Microsoft.Flow/flows/d33432e1-ab22-4d29-b16a-eafa91d25ac3","type":"Microsoft.Flow/flows","properties":{"apiId":"/providers/Microsoft.PowerApps/apis/shared_logicflows","displayName":"Anexar Adjuntos Restantes","definition":{"metadata":{"workflowEntityId":null,"processAdvisorMetadata":null,"flowChargedByPaygo":null,"flowclientsuspensionreason":"None","flowclientsuspensiontime":null,"flowclientsuspensionreasondetails":null,"creator":{"id":"cf999034-e3c2-41fe-a9b6-90ef2e3f5c48","type":"User","tenantId":"d6a2ecba-dd2a-4f0c-a632-6798e31995bb"},"provisioningMethod":"FromDefinition","failureAlertSubscription":true,"clientLastModifiedTime":"2024-08-30T00:38:01.7601378Z","connectionKeySavedTimeKey":"2024-08-30T00:38:01.7601378Z"},"$schema":"https://schema.management.azure.com/providers/Microsoft.Logic/schemas/2016-06-01/workflowdefinition.json#","contentVersion":"1.0.0.0","parameters":{"$connections":{"defaultValue":{},"type":"Object"},"$authentication":{"defaultValue":{},"type":"SecureObject"}},"triggers":{"When_a_new_response_is_submitted":{"splitOn":"@triggerOutputs()?['body/value']","metadata":{"operationMetadataId":"29e55ef7-755e-45e2-9a52-7928b1d6d1a3"},"type":"OpenApiConnectionWebhook","inputs":{"host":{"apiId":"/providers/Microsoft.PowerApps/apis/shared_microsoftforms","connectionName":"shared_microsoftforms_1","operationId":"CreateFormWebhook"},"parameters":{"form_id":"uuyi1irdDE-mMmeY4xmVu2T18zblSw1KvG8O_qAt4wlUMEpJQjhZTlpJUFBZUUxUMkNKUkhZQVJCWi4u"},"authentication":"@parameters('$authentication')"}}},"actions":{"Get_response_details":{"runAfter":{},"metadata":{"operationMetadataId":"4c146f05-2dc6-414d-914b-9ffab008a380"},"type":"OpenApiConnection","inputs":{"host":{"apiId":"/providers/Microsoft.PowerApps/apis/shared_microsoftforms","connectionName":"shared_microsoftforms_1","operationId":"GetFormResponseById"},"parameters":{"form_id":"uuyi1irdDE-mMmeY4xmVu2T18zblSw1KvG8O_qAt4wlUMEpJQjhZTlpJUFBZUUxUMkNKUkhZQVJCWi4u","response_id":"@triggerOutputs()?['body/resourceData/responseId']"},"authentication":"@parameters('$authentication')"}},"Condicional_de_Paz_y_Salvo_Renuncia":{"actions":{"Parse_JSON_la_Carta":{"runAfter":{},"metadata":{"operationMetadataId":"28b78335-a87f-4385-973e-98d94141f980"},"type":"ParseJson","inputs":{"content":"@outputs('Get_response_details')?['body/r482e8a06043649ffb00acb0c86a9bcc4']","schema":{"type":"array","items":{"type":"object","properties":{"name":{"type":"string"},"link":{"type":"string"},"id":{"type":"string"},"type":{},"size":{"type":"integer"},"referenceId":{"type":"string"},"driveId":{"type":"string"},"status":{"type":"integer"},"uploadSessionUrl":{}},"required":["name","link","id","type","size","referenceId","driveId","status","uploadSessionUrl"]}}}},"Aplicar_a_cada_Uno_para_subir_las_Cartas":{"foreach":"@body('Parse_JSON_la_Carta')","actions":{"Get_file_content_using_path":{"runAfter":{},"metadata":{"operationMetadataId":"55429ef9-d44c-4f54-8d50-df0aa583c0cf"},"type":"OpenApiConnection","inputs":{"host":{"apiId":"/providers/Microsoft.PowerApps/apis/shared_onedriveforbusiness","connectionName":"shared_onedriveforbusiness_1","operationId":"GetFileContentByPath"},"parameters":{"path":"/Apps/Microsoft Forms/Anexar Documentos - Liquidacion definitiva de pres/Carta/@{items('Aplicar_a_cada_Uno_para_subir_las_Cartas')['name']}","inferContentType":true},"authentication":"@parameters('$authentication')"}},"Create_file":{"runAfter":{"Get_file_content_using_path":["Succeeded"]},"metadata":{"operationMetadataId":"ada98cf2-6e71-4dd8-9fec-fc9e10bd1abc"},"type":"OpenApiConnection","inputs":{"host":{"apiId":"/providers/Microsoft.PowerApps/apis/shared_onedriveforbusiness","connectionName":"shared_onedriveforbusiness_1","operationId":"CreateFile"},"parameters":{"folderPath":"/Liquidación de Personal/Paz y Salvos/@{outputs('Get_response_details')?['body/r7096f27f88c04213991f3f1cad1b9b4b']}","name":"@items('Aplicar_a_cada_Uno_para_subir_las_Cartas')['name']","body":"@body('Get_file_content_using_path')"},"authentication":"@parameters('$authentication')"},"runtimeConfiguration":{"contentTransfer":{"transferMode":"Chunked"}}},"Add_attachment":{"runAfter":{"Create_file":["Succeeded"]},"metadata":{"operationMetadataId":"faf31534-bd8c-4d1e-9484-7f527d88b635"},"type":"OpenApiConnection","inputs":{"host":{"apiId":"/providers/Microsoft.PowerApps/apis/shared_sharepointonline","connectionName":"shared_sharepointonline_1","operationId":"CreateAttachment"},"parameters":{"dataset":"https://ganasa.sharepoint.com/sites/LiquidaciondePersonal-Automatizacin","table":"15ed073c-7906-45a3-97b2-d94c52a4fd48","itemId":"@outputs('Get_response_details')?['body/r31b7ed700a974129bfeea06ce5fef759']","displayName":"@items('Aplicar_a_cada_Uno_para_subir_las_Cartas')['name']","body":"@body('Get_file_content_using_path')"},"authentication":"@parameters('$authentication')"}}},"runAfter":{"Parse_JSON_la_Carta":["Succeeded"]},"metadata":{"operationMetadataId":"848b1fdb-b77c-40a2-be62-74eee6768125"},"type":"Foreach"}},"runAfter":{"Actualizar_Una_informacion_de_la_persona":["Succeeded"]},"expression":{"greater":["@length(outputs('Get_response_details')?['body/r482e8a06043649ffb00acb0c86a9bcc4'])",0]},"metadata":{"operationMetadataId":"46ff32b9-a4a9-4e35-8333-2db5ec4f9b8f"},"type":"If"},"Condicional_de_Paz_y_Salvo_Liquidacion":{"actions":{"Parse_JSON_la_Liquidacion":{"runAfter":{},"metadata":{"operationMetadataId":"28b78335-a87f-4385-973e-98d94141f980"},"type":"ParseJson","inputs":{"content":"@outputs('Get_response_details')?['body/r2df0213ba7f14d47926506c118d4d9c1']","schema":{"type":"array","items":{"type":"object","properties":{"name":{"type":"string"},"link":{"type":"string"},"id":{"type":"string"},"type":{},"size":{"type":"integer"},"referenceId":{"type":"string"},"driveId":{"type":"string"},"status":{"type":"integer"},"uploadSessionUrl":{}},"required":["name","link","id","type","size","referenceId","driveId","status","uploadSessionUrl"]}}}},"Aplicar_a_cada_Uno_para_subir_las_liquidacion":{"foreach":"@body('Parse_JSON_la_Liquidacion')","actions":{"Get_file_content_using_path_2":{"runAfter":{},"metadata":{"operationMetadataId":"55429ef9-d44c-4f54-8d50-df0aa583c0cf"},"type":"OpenApiConnection","inputs":{"host":{"apiId":"/providers/Microsoft.PowerApps/apis/shared_onedriveforbusiness","connectionName":"shared_onedriveforbusiness_1","operationId":"GetFileContentByPath"},"parameters":{"path":"/Apps/Microsoft Forms/Anexar Documentos - Liquidacion definitiva de pres/Liquidacion/@{items('Aplicar_a_cada_Uno_para_subir_las_liquidacion')['name']}","inferContentType":true},"authentication":"@parameters('$authentication')"}},"Create_file_2":{"runAfter":{"Get_file_content_using_path_2":["Succeeded"]},"metadata":{"operationMetadataId":"ada98cf2-6e71-4dd8-9fec-fc9e10bd1abc"},"type":"OpenApiConnection","inputs":{"host":{"apiId":"/providers/Microsoft.PowerApps/apis/shared_onedriveforbusiness","connectionName":"shared_onedriveforbusiness_1","operationId":"CreateFile"},"parameters":{"folderPath":"/Liquidación de Personal/Paz y Salvos/@{outputs('Get_response_details')?['body/r7096f27f88c04213991f3f1cad1b9b4b']}","name":"@items('Aplicar_a_cada_Uno_para_subir_las_liquidacion')['name']","body":"@body('Get_file_content_using_path_2')"},"authentication":"@parameters('$authentication')"},"runtimeConfiguration":{"contentTransfer":{"transferMode":"Chunked"}}},"Add_attachment_2":{"runAfter":{"Create_file_2":["Succeeded"]},"metadata":{"operationMetadataId":"faf31534-bd8c-4d1e-9484-7f527d88b635"},"type":"OpenApiConnection","inputs":{"host":{"apiId":"/providers/Microsoft.PowerApps/apis/shared_sharepointonline","connectionName":"shared_sharepointonline_1","operationId":"CreateAttachment"},"parameters":{"dataset":"https://ganasa.sharepoint.com/sites/LiquidaciondePersonal-Automatizacin","table":"15ed073c-7906-45a3-97b2-d94c52a4fd48","itemId":"@outputs('Get_response_details')?['body/r31b7ed700a974129bfeea06ce5fef759']","displayName":"@items('Aplicar_a_cada_Uno_para_subir_las_liquidacion')['name']","body":"@body('Get_file_content_using_path_2')"},"authentication":"@parameters('$authentication')"}}},"runAfter":{"Parse_JSON_la_Liquidacion":["Succeeded"]},"metadata":{"operationMetadataId":"848b1fdb-b77c-40a2-be62-74eee6768125"},"type":"Foreach"}},"runAfter":{"Condicional_de_Paz_y_Salvo_Renuncia":["Succeeded"]},"expression":{"greater":["@length(outputs('Get_response_details')?['body/r2df0213ba7f14d47926506c118d4d9c1'])",0]},"metadata":{"operationMetadataId":"1e223c12-f2b7-4598-afb6-4e7c65e45da8"},"type":"If"},"Condicional_de_Paz_y_Salvo_Activos":{"actions":{"Parse_JSON_la_Activos":{"runAfter":{},"metadata":{"operationMetadataId":"28b78335-a87f-4385-973e-98d94141f980"},"type":"ParseJson","inputs":{"content":"@outputs('Get_response_details')?['body/r60530ebe70ad406aa820d39b7c6c1603']","schema":{"type":"array","items":{"type":"object","properties":{"name":{"type":"string"},"link":{"type":"string"},"id":{"type":"string"},"type":{},"size":{"type":"integer"},"referenceId":{"type":"string"},"driveId":{"type":"string"},"status":{"type":"integer"},"uploadSessionUrl":{}},"required":["name","link","id","type","size","referenceId","driveId","status","uploadSessionUrl"]}}}},"Aplicar_a_cada_Uno_para_subir_las_Activos":{"foreach":"@body('Parse_JSON_la_Activos')","actions":{"Get_file_content_using_path_3":{"runAfter":{},"metadata":{"operationMetadataId":"55429ef9-d44c-4f54-8d50-df0aa583c0cf"},"type":"OpenApiConnection","inputs":{"host":{"apiId":"/providers/Microsoft.PowerApps/apis/shared_onedriveforbusiness","connectionName":"shared_onedriveforbusiness_1","operationId":"GetFileContentByPath"},"parameters":{"path":"/Apps/Microsoft Forms/Anexar Documentos - Liquidacion definitiva de pres/Activos/@{items('Aplicar_a_cada_Uno_para_subir_las_Activos')['name']}","inferContentType":true},"authentication":"@parameters('$authentication')"}},"Create_file_3":{"runAfter":{"Get_file_content_using_path_3":["Succeeded"]},"metadata":{"operationMetadataId":"ada98cf2-6e71-4dd8-9fec-fc9e10bd1abc"},"type":"OpenApiConnection","inputs":{"host":{"apiId":"/providers/Microsoft.PowerApps/apis/shared_onedriveforbusiness","connectionName":"shared_onedriveforbusiness_1","operationId":"CreateFile"},"parameters":{"folderPath":"/Liquidación de Personal/Paz y Salvos/@{outputs('Get_response_details')?['body/r7096f27f88c04213991f3f1cad1b9b4b']}","name":"@items('Aplicar_a_cada_Uno_para_subir_las_Activos')['name']","body":"@body('Get_file_content_using_path_3')"},"authentication":"@parameters('$authentication')"},"runtimeConfiguration":{"contentTransfer":{"transferMode":"Chunked"}}},"Add_attachment_3":{"runAfter":{"Create_file_3":["Succeeded"]},"metadata":{"operationMetadataId":"faf31534-bd8c-4d1e-9484-7f527d88b635"},"type":"OpenApiConnection","inputs":{"host":{"apiId":"/providers/Microsoft.PowerApps/apis/shared_sharepointonline","connectionName":"shared_sharepointonline_1","operationId":"CreateAttachment"},"parameters":{"dataset":"https://ganasa.sharepoint.com/sites/LiquidaciondePersonal-Automatizacin","table":"15ed073c-7906-45a3-97b2-d94c52a4fd48","itemId":"@outputs('Get_response_details')?['body/r31b7ed700a974129bfeea06ce5fef759']","displayName":"@items('Aplicar_a_cada_Uno_para_subir_las_Activos')['name']","body":"@body('Get_file_content_using_path_3')"},"authentication":"@parameters('$authentication')"}}},"runAfter":{"Parse_JSON_la_Activos":["Succeeded"]},"metadata":{"operationMetadataId":"848b1fdb-b77c-40a2-be62-74eee6768125"},"type":"Foreach"}},"runAfter":{"Condicional_de_Paz_y_Salvo_Liquidacion":["Succeeded"]},"expression":{"greater":["@length(outputs('Get_response_details')?['body/r60530ebe70ad406aa820d39b7c6c1603'])",0]},"metadata":{"operationMetadataId":"f6a03153-a07d-49cb-90e5-edabbaf632ec"},"type":"If"},"Actualizar_Una_informacion_de_la_persona":{"runAfter":{"Get_items":["Succeeded"]},"metadata":{"operationMetadataId":"9102adf2-77cd-4a01-baa8-45a65b31bd52"},"type":"OpenApiConnection","inputs":{"host":{"apiId":"/providers/Microsoft.PowerApps/apis/shared_sharepointonline","connectionName":"shared_sharepointonline_1","operationId":"PatchItem"},"parameters":{"dataset":"https://ganasa.sharepoint.com/sites/LiquidaciondePersonal-Automatizacin","table":"15ed073c-7906-45a3-97b2-d94c52a4fd48","id":"@outputs('Get_response_details')?['body/r31b7ed700a974129bfeea06ce5fef759']","item/Id0":"@outputs('Get_response_details')?['body/r31b7ed700a974129bfeea06ce5fef759']","item/NombredelLider":"@outputs('Get_response_details')?['body/r9c62f0afd76443beac9ba9d59ead2df5']"},"authentication":"@parameters('$authentication')"}},"Get_items":{"runAfter":{"Get_response_details":["Succeeded"]},"metadata":{"operationMetadataId":"d99387c2-0b78-47c4-a291-a6a16342e888"},"type":"OpenApiConnection","inputs":{"host":{"apiId":"/providers/Microsoft.PowerApps/apis/shared_sharepointonline","connectionName":"shared_sharepointonline_1","operationId":"GetItems"},"parameters":{"dataset":"https://ganasa.sharepoint.com/sites/LiquidaciondePersonal-Automatizacin","table":"15ed073c-7906-45a3-97b2-d94c52a4fd48"},"authentication":"@parameters('$authentication')"}}}},"connectionReferences":{"shared_microsoftforms_1":{"connectionName":"shared-microsoftform-ca38af7f-172d-4a59-b5b7-574238e2ed55","source":"Embedded","id":"/providers/Microsoft.PowerApps/apis/shared_microsoftforms","tier":"NotSpecified"},"shared_onedriveforbusiness_1":{"connectionName":"shared-onedriveforbu-a021db02-a671-42b8-a37c-ba52adeb0f22","source":"Embedded","id":"/providers/Microsoft.PowerApps/apis/shared_onedriveforbusiness","tier":"NotSpecified"},"shared_sharepointonline_1":{"connectionName":"shared-sharepointonl-1468f75e-42a0-4a33-84c4-6c3f1ffbe227","source":"Embedded","id":"/providers/Microsoft.PowerApps/apis/shared_sharepointonline","tier":"NotSpecified"}},"flowFailureAlertSubscribed":false,"isManaged":false}}