{"name":"27c3bf34-0794-4e1e-8aa8-dafb3a880f84","id":"/providers/Microsoft.Flow/flows/27c3bf34-0794-4e1e-8aa8-dafb3a880f84","type":"Microsoft.Flow/flows","properties":{"apiId":"/providers/Microsoft.PowerApps/apis/shared_logicflows","displayName":"Área - Contabilidad","definition":{"metadata":{"workflowEntityId":null,"processAdvisorMetadata":null,"flowChargedByPaygo":null,"flowclientsuspensionreason":"None","flowclientsuspensiontime":null,"flowclientsuspensionreasondetails":null,"creator":{"id":"cf999034-e3c2-41fe-a9b6-90ef2e3f5c48","type":"User","tenantId":"d6a2ecba-dd2a-4f0c-a632-6798e31995bb"},"provisioningMethod":"FromDefinition","failureAlertSubscription":true,"clientLastModifiedTime":"2024-08-30T00:34:43.3373714Z","connectionKeySavedTimeKey":"2024-08-30T00:34:43.3373714Z"},"$schema":"https://schema.management.azure.com/providers/Microsoft.Logic/schemas/2016-06-01/workflowdefinition.json#","contentVersion":"1.0.0.0","parameters":{"$connections":{"defaultValue":{},"type":"Object"},"$authentication":{"defaultValue":{},"type":"SecureObject"}},"triggers":{"When_an_item_is_created_or_modified":{"recurrence":{"interval":1,"frequency":"Minute"},"splitOn":"@triggerOutputs()?['body/value']","metadata":{"operationMetadataId":"caa34372-a836-4afd-aaa9-6a93548d752c"},"type":"OpenApiConnection","inputs":{"host":{"apiId":"/providers/Microsoft.PowerApps/apis/shared_sharepointonline","connectionName":"shared_sharepointonline_1","operationId":"GetOnUpdatedItems"},"parameters":{"dataset":"https://ganasa.sharepoint.com/sites/LiquidaciondePersonal-Automatizacin","table":"9d9adf26-d0dd-4ea4-a1c8-d6e7f8a7b201"},"authentication":"@parameters('$authentication')"}}},"actions":{"Obtener_datos_adjuntos":{"runAfter":{},"metadata":{"operationMetadataId":"77dc2849-be7d-42f2-a581-0e3a231c426f"},"type":"OpenApiConnection","inputs":{"host":{"apiId":"/providers/Microsoft.PowerApps/apis/shared_sharepointonline","connectionName":"shared_sharepointonline_1","operationId":"GetItemAttachments"},"parameters":{"dataset":"https://ganasa.sharepoint.com/sites/LiquidaciondePersonal-Automatizacin","table":"9d9adf26-d0dd-4ea4-a1c8-d6e7f8a7b201","itemId":"@triggerOutputs()?['body/ID']"},"authentication":"@parameters('$authentication')"}},"Apply_to_each":{"foreach":"@body('Obtener_datos_adjuntos')","actions":{"Obtener_contenido_de_datos_adjuntos":{"runAfter":{},"metadata":{"operationMetadataId":"abc26a3f-8822-41c3-9daa-00ce6edbb8b4"},"type":"OpenApiConnection","inputs":{"host":{"apiId":"/providers/Microsoft.PowerApps/apis/shared_sharepointonline","connectionName":"shared_sharepointonline_1","operationId":"GetAttachmentContent"},"parameters":{"dataset":"https://ganasa.sharepoint.com/sites/LiquidaciondePersonal-Automatizacin","table":"9d9adf26-d0dd-4ea4-a1c8-d6e7f8a7b201","itemId":"@triggerOutputs()?['body/ID']","attachmentId":"@item()?['Id']"},"authentication":"@parameters('$authentication')"}},"Crear_archivo":{"runAfter":{"Obtener_contenido_de_datos_adjuntos":["Succeeded"]},"metadata":{"operationMetadataId":"f29c4143-f86a-4706-83f4-ab76683af329"},"type":"OpenApiConnection","inputs":{"host":{"apiId":"/providers/Microsoft.PowerApps/apis/shared_onedriveforbusiness","connectionName":"shared_onedriveforbusiness_1","operationId":"CreateFile"},"parameters":{"folderPath":"/Liquidación de Personal/Paz y Salvos/@{triggerOutputs()?['body/Documento']}","name":"@item()?['DisplayName']","body":"@body('Obtener_contenido_de_datos_adjuntos')"},"authentication":"@parameters('$authentication')"},"runtimeConfiguration":{"contentTransfer":{"transferMode":"Chunked"}}}},"runAfter":{"Obtener_datos_adjuntos":["Succeeded"]},"metadata":{"operationMetadataId":"3b9525b3-81b9-4e38-b933-537b5400763d"},"type":"Foreach"},"Aplicar_a_cada_uno_de_los_archivos_guardarlos_en_Solicitudes":{"foreach":"@body('Obtener_datos_adjuntos')","actions":{"Add_attachment":{"runAfter":{"Obtener_contenido_de_datos_adjuntos_2":["Succeeded"]},"metadata":{"operationMetadataId":"4a6360ec-59d7-45d6-92ce-c220f8edf1ac"},"type":"OpenApiConnection","inputs":{"host":{"apiId":"/providers/Microsoft.PowerApps/apis/shared_sharepointonline","connectionName":"shared_sharepointonline_1","operationId":"CreateAttachment"},"parameters":{"dataset":"https://ganasa.sharepoint.com/sites/LiquidaciondePersonal-Automatizacin","table":"15ed073c-7906-45a3-97b2-d94c52a4fd48","itemId":"@triggerOutputs()?['body/ID']","displayName":"@items('Aplicar_a_cada_uno_de_los_archivos_guardarlos_en_Solicitudes')?['DisplayName']","body":"@body('Obtener_contenido_de_datos_adjuntos_2')"},"authentication":"@parameters('$authentication')"}},"Obtener_contenido_de_datos_adjuntos_2":{"runAfter":{},"metadata":{"operationMetadataId":"abc26a3f-8822-41c3-9daa-00ce6edbb8b4"},"type":"OpenApiConnection","inputs":{"host":{"apiId":"/providers/Microsoft.PowerApps/apis/shared_sharepointonline","connectionName":"shared_sharepointonline_1","operationId":"GetAttachmentContent"},"parameters":{"dataset":"https://ganasa.sharepoint.com/sites/LiquidaciondePersonal-Automatizacin","table":"9d9adf26-d0dd-4ea4-a1c8-d6e7f8a7b201","itemId":"@triggerOutputs()?['body/ID']","attachmentId":"@items('Aplicar_a_cada_uno_de_los_archivos_guardarlos_en_Solicitudes')?['Id']"},"authentication":"@parameters('$authentication')"}}},"runAfter":{"Apply_to_each":["Succeeded"]},"metadata":{"operationMetadataId":"342e4592-a521-4f8e-b57f-d1360d97ec52"},"type":"Foreach"}}},"connectionReferences":{"shared_sharepointonline_1":{"connectionName":"shared-sharepointonl-1468f75e-42a0-4a33-84c4-6c3f1ffbe227","source":"Embedded","id":"/providers/Microsoft.PowerApps/apis/shared_sharepointonline","tier":"NotSpecified"},"shared_onedriveforbusiness_1":{"connectionName":"shared-onedriveforbu-a021db02-a671-42b8-a37c-ba52adeb0f22","source":"Embedded","id":"/providers/Microsoft.PowerApps/apis/shared_onedriveforbusiness","tier":"NotSpecified"}},"flowFailureAlertSubscribed":false,"isManaged":false}}