{"name":"db294862-a823-455b-a75c-e3b174304441","id":"/providers/Microsoft.Flow/flows/db294862-a823-455b-a75c-e3b174304441","type":"Microsoft.Flow/flows","properties":{"apiId":"/providers/Microsoft.PowerApps/apis/shared_logicflows","displayName":"Nueva Solicitud del lider","definition":{"metadata":{"workflowEntityId":null,"processAdvisorMetadata":null,"flowChargedByPaygo":null,"flowclientsuspensionreason":"None","flowclientsuspensiontime":null,"flowclientsuspensionreasondetails":null,"creator":{"id":"cf999034-e3c2-41fe-a9b6-90ef2e3f5c48","type":"User","tenantId":"d6a2ecba-dd2a-4f0c-a632-6798e31995bb"},"provisioningMethod":"FromDefinition","failureAlertSubscription":true,"clientLastModifiedTime":"2024-08-30T00:26:54.71957Z","connectionKeySavedTimeKey":"2024-08-30T00:26:54.71957Z"},"$schema":"https://schema.management.azure.com/providers/Microsoft.Logic/schemas/2016-06-01/workflowdefinition.json#","contentVersion":"1.0.0.0","parameters":{"$connections":{"defaultValue":{},"type":"Object"},"$authentication":{"defaultValue":{},"type":"SecureObject"}},"triggers":{"Cuando_se_recibe_una_nueva_solicitud":{"splitOn":"@triggerOutputs()?['body/value']","metadata":{"operationMetadataId":"bf2be0a1-5b4b-46ec-8817-6ecb410938ab"},"type":"OpenApiConnectionWebhook","inputs":{"host":{"apiId":"/providers/Microsoft.PowerApps/apis/shared_microsoftforms","connectionName":"shared_microsoftforms_1","operationId":"CreateFormWebhook"},"parameters":{"form_id":"uuyi1irdDE-mMmeY4xmVu2T18zblSw1KvG8O_qAt4wlUQ0ZXM1lIN0E2SzJUV1AxVk8ySUJRNlZOTi4u"},"authentication":"@parameters('$authentication')"}}},"actions":{"Obtener_detalles_de_la_respuesta":{"runAfter":{},"metadata":{"operationMetadataId":"f2cfa480-9a33-4b2a-807b-6bc358b514b3"},"type":"OpenApiConnection","inputs":{"host":{"apiId":"/providers/Microsoft.PowerApps/apis/shared_microsoftforms","connectionName":"shared_microsoftforms_1","operationId":"GetFormResponseById"},"parameters":{"form_id":"uuyi1irdDE-mMmeY4xmVu2T18zblSw1KvG8O_qAt4wlUQ0ZXM1lIN0E2SzJUV1AxVk8ySUJRNlZOTi4u","response_id":"@triggerOutputs()?['body/resourceData/responseId']"},"authentication":"@parameters('$authentication')"}},"Enviar_Correos_a_las_Areas":{"runAfter":{"Condicional_de_Paz_y_Salvo_de_Activos":["Succeeded"]},"metadata":{"operationMetadataId":"6a21d76a-6a42-47d6-b96b-1adcba0a9d75"},"type":"OpenApiConnection","inputs":{"host":{"apiId":"/providers/Microsoft.PowerApps/apis/shared_office365","connectionName":"shared_office365_1","operationId":"SendEmailV2"},"parameters":{"emailMessage/To":"leidy.arango@gruporeditos.com;juan.correa@gruporeditos.com;jimena.lopez@gruporeditos.com;aprendiz.reditos@gruporeditos.com;daissy.castrillon@GANASA.onmicrosoft.com;fernando.metaute@gruporeditos.com;gloria.ochoa@gruporeditos.com;katherin.acevedo@gruporeditos.com;margarita.sanchez@gruporeditos.com;mario.giron@gruporeditos.com;mery.gomez@gruporeditos.com;paola.ortiz@gruporeditos.com;monica.zuluaga@gruporeditos.com;luz.molina@gruporeditos.com;jose.zapata@gruporeditos.com;manuela.torrado@gruporeditos.com;victoria.gutierrez@gruporeditos.com;melissa.gomez@gruporeditos.com;zulima.hernandez@gruporeditos.com;luisa.torres@gruporeditos.com;natalia.vanegas@gruporeditos.com;anlly.pabon@GANASA.onmicrosoft.com;arledis.rivera@gruporeditos.com;diana.castro@gruporeditos.com;arley.franco@gruporeditos.com;gabriel.henao@gruporeditos.com;ingrid.quintero@gruporeditos.com;liliana.gomez@gruporeditos.com;mariana.velez@gruporeditos.com;sandra.torres@gruporeditos.com;sandra.vasquez@gruporeditos.com;sirley.rengifo@gruporeditos.com;marcela.triana@gruporeditos.com;yonatan.hernandez@gruporeditos.com;cartera.femfuturo@femfuturo.com.co;analista.contable@femfuturo.com.co;natalia.gomez@femfuturo.com.co;mercadeo@femfuturo.com.co;eugenia.vanegas@femfuturo.com.co;juan.ramirez@gruporeditos.com;laura.jaramillo@gruporeditos.com","emailMessage/Subject":"PAZ Y SALVO","emailMessage/Body":"<p>Cordial saludo<br>\n<br>\nPara el proceso de las Liquidaciones, agradecemos a cada una de las áreas su colaboración con la gestión de paz y salvo de la siguiente persona que terminan su vinculación laboral con la compañía.<br>\n<br>\n<strong>Nombre: </strong>@{outputs('Obtener_detalles_de_la_respuesta')?['body/r037358873d914c95b5c325ec18b2ca51']}<strong><br>\nCedula: </strong>@{outputs('Obtener_detalles_de_la_respuesta')?['body/rbc8a62a7344f4666b75c81ed298ba95a']}<strong><br>\nCargo: </strong>@{outputs('Obtener_detalles_de_la_respuesta')?['body/r245eeadce61d40dbbe5f521e26dc6e34']}<br>\n<strong>Empresa:</strong> @{outputs('Obtener_detalles_de_la_respuesta')?['body/r5b1217061fe0442880c78a3f873d7f4d']}<strong><br>\nFecha de retiro: &nbsp;</strong>@{outputs('Obtener_detalles_de_la_respuesta')?['body/r3d4b7396d3e4455eae08a52af7d85018']}<br>\n<br>\n<strong>Nota</strong>: para adjuntar los documentos solicitados les agradecemos realizarlo a través del grupo de Teams “<strong>Liquidación de Personal</strong>”.<br>\n<br>\nFeliz día y gracias por su apoyo.</p>","emailMessage/Cc":"aprendiz.funcional@gruporeditos.com;sara.arboleda@gruporeditos.com","emailMessage/Importance":"Normal"},"authentication":"@parameters('$authentication')"}},"Condicion_de_habilitar_plaza":{"actions":{"Enviar_Correo_a_Atracción_de_Talento_2":{"runAfter":{},"metadata":{"operationMetadataId":"b440a5a0-ad85-488e-80f0-cd5b8220b771"},"type":"OpenApiConnection","inputs":{"host":{"apiId":"/providers/Microsoft.PowerApps/apis/shared_office365","connectionName":"shared_office365_1","operationId":"SendEmailV2"},"parameters":{"emailMessage/To":"luisa.baez@gruporeditos.com;jackelin.duque@gruporeditos.com;sara.chaverra@gruporeditos.com;laura.berrio@gruporeditos.com;zoraida.ramirez@gruporeditos.com;maria.vargas@gruporeditos.com;julieth.hurtado@gruporeditos.com;sandra.guerrero@gruporeditos.com;deisy.agudelo@gruporeditos.com","emailMessage/Subject":"HABILITAR PLAZA @{outputs('Obtener_detalles_de_la_respuesta')?['body/r245eeadce61d40dbbe5f521e26dc6e34']}","emailMessage/Body":"<p>Cordial saludo equipo de Atracción de Talento<br>\n<br>\nTenemos una vacante por gestionar. Por favor diligenciar el archivo e iniciar proceso de selección.<br>\n<br>\n• <strong>Persona a reemplazar:</strong> @{outputs('Obtener_detalles_de_la_respuesta')?['body/r037358873d914c95b5c325ec18b2ca51']}<br>\n• <strong>Cédula:</strong> @{outputs('Obtener_detalles_de_la_respuesta')?['body/rbc8a62a7344f4666b75c81ed298ba95a']}<br>\n• <strong>Oficina:</strong> @{outputs('Obtener_detalles_de_la_respuesta')?['body/rb06d637195b547eca109392b97c17054']}<br>\n• <strong>Requiere traslado de oficina:</strong> @{outputs('Obtener_detalles_de_la_respuesta')?['body/r3a01200ba7dc4221a6c5faa0fd4830e3']}<br>\n• <strong>Fecha de retiro:</strong> @{outputs('Obtener_detalles_de_la_respuesta')?['body/r3d4b7396d3e4455eae08a52af7d85018']}<br>\n• <strong>Empresa:</strong> @{outputs('Obtener_detalles_de_la_respuesta')?['body/r5b1217061fe0442880c78a3f873d7f4d']}<br>\n• <strong>Cargo que se requiere:</strong> @{outputs('Obtener_detalles_de_la_respuesta')?['body/rec6f8c172875420b8a4307290958187b']}@{outputs('Obtener_detalles_de_la_respuesta')?['body/r245eeadce61d40dbbe5f521e26dc6e34']}<br>\n• <strong>Observaciones adicionales:</strong> @{outputs('Obtener_detalles_de_la_respuesta')?['body/ra4defe0db1d941a998ef8a839904c010']}<br>\n<br>\n<strong>¡Muchos éxitos!<br>\n<br>\n(¡Este es un correo que se envía automáticamente, por favor no responder!)<br>\n&nbsp;</strong></p>","emailMessage/Cc":"aprendiz.funcional@gruporeditos.com;sara.arboleda@gruporeditos.com","emailMessage/Importance":"Normal"},"authentication":"@parameters('$authentication')"}}},"runAfter":{"Enviar_Correos_a_las_Areas":["Succeeded"]},"else":{"actions":{"Enviar_Correo_a_Atracción_de_Talento":{"runAfter":{},"metadata":{"operationMetadataId":"b440a5a0-ad85-488e-80f0-cd5b8220b771"},"type":"OpenApiConnection","inputs":{"host":{"apiId":"/providers/Microsoft.PowerApps/apis/shared_office365","connectionName":"shared_office365_1","operationId":"SendEmailV2"},"parameters":{"emailMessage/To":"jackelin.duque@gruporeditos.com;sara.chaverra@gruporeditos.com;laura.berrio@gruporeditos.com;zoraida.ramirez@gruporeditos.com;maria.vargas@gruporeditos.com;julieth.hurtado@gruporeditos.com;sandra.guerrero@gruporeditos.com;deisy.agudelo@gruporeditos.com;luisa.baez@gruporeditos.com","emailMessage/Subject":"NO HABILITAR PLAZA ","emailMessage/Body":"<p>Cordial saludo equipo de Atracción<br>\n<br>\nTenemos una vacante, sin embargo, de acuerdo con la notificación de la oficina <strong>NO SE REQUIERE REEMPLAZO</strong>. Por favor diligenciar el archivo y hacer seguimiento con el líder.<br>\n<br>\n• <strong>Persona retirada:</strong> @{outputs('Obtener_detalles_de_la_respuesta')?['body/r037358873d914c95b5c325ec18b2ca51']}<br>\n• <strong>Cédula: </strong>@{outputs('Obtener_detalles_de_la_respuesta')?['body/rbc8a62a7344f4666b75c81ed298ba95a']}<br>\n• <strong>Oficina:</strong> @{outputs('Obtener_detalles_de_la_respuesta')?['body/rb06d637195b547eca109392b97c17054']}<br>\n• <strong>Fecha de retiro:</strong> @{outputs('Obtener_detalles_de_la_respuesta')?['body/r3d4b7396d3e4455eae08a52af7d85018']}<br>\n• <strong>Empresa: </strong>@{outputs('Obtener_detalles_de_la_respuesta')?['body/r5b1217061fe0442880c78a3f873d7f4d']}<br>\n• <strong>Observaciones adicionales:</strong> @{outputs('Obtener_detalles_de_la_respuesta')?['body/rfa7e83cba13849938cfe71241add390b']}<br>\n<br>\n<strong>¡Muchas gracias!</strong><br>\n<br>\n<strong>(¡Este es un correo que se envía automáticamente, por favor no responder!)</strong><br>\n&nbsp;</p>","emailMessage/Cc":"aprendiz.funcional@gruporeditos.com;sara.arboleda@gruporeditos.com","emailMessage/Importance":"Normal"},"authentication":"@parameters('$authentication')"}}}},"expression":{"or":[{"startsWith":["@outputs('Obtener_detalles_de_la_respuesta')?['body/r9a05a9a7a4434ea3a4ae23ded1ae1c52']","SI"]},{"startsWith":["@outputs('Obtener_detalles_de_la_respuesta')?['body/rf251fb1206ab42d8ba2e6d90423fe144']","SI"]}]},"metadata":{"operationMetadataId":"df1cb5a9-9d7e-4c69-ba2a-19313dc74967"},"type":"If"},"Condicional_de_Paz_y_Salvo_Renuncia":{"actions":{"Parse_JSON_la_Carta":{"runAfter":{},"metadata":{"operationMetadataId":"28b78335-a87f-4385-973e-98d94141f980"},"type":"ParseJson","inputs":{"content":"@outputs('Obtener_detalles_de_la_respuesta')?['body/r1aa67b7d674648f49bc30634ee2f8ef5']","schema":{"type":"array","items":{"type":"object","properties":{"name":{"type":"string"},"link":{"type":"string"},"id":{"type":"string"},"type":{},"size":{"type":"integer"},"referenceId":{"type":"string"},"driveId":{"type":"string"},"status":{"type":"integer"},"uploadSessionUrl":{}},"required":["name","link","id","type","size","referenceId","driveId","status","uploadSessionUrl"]}}}},"Aplicar_a_cada_Uno_para_subir_las_Cartas":{"foreach":"@body('Parse_JSON_la_Carta')","actions":{"Obtener_la_Ruta_de_la_Carta_de_la_Carta":{"runAfter":{},"metadata":{"operationMetadataId":"55429ef9-d44c-4f54-8d50-df0aa583c0cf"},"type":"OpenApiConnection","inputs":{"host":{"apiId":"/providers/Microsoft.PowerApps/apis/shared_onedriveforbusiness","connectionName":"shared_onedriveforbusiness_1","operationId":"GetFileContentByPath"},"parameters":{"path":"/Apps/Microsoft Forms/Liquidación definitiva de prestaciones sociales (/Anexar la carta de retiro/@{items('Aplicar_a_cada_Uno_para_subir_las_Cartas')['name']}","inferContentType":true},"authentication":"@parameters('$authentication')"}},"Create_file":{"runAfter":{"Obtener_la_Ruta_de_la_Carta_de_la_Carta":["Succeeded"]},"metadata":{"operationMetadataId":"ada98cf2-6e71-4dd8-9fec-fc9e10bd1abc"},"type":"OpenApiConnection","inputs":{"host":{"apiId":"/providers/Microsoft.PowerApps/apis/shared_onedriveforbusiness","connectionName":"shared_onedriveforbusiness_1","operationId":"CreateFile"},"parameters":{"folderPath":"/Liquidación de Personal/Paz y Salvos/@{outputs('Obtener_detalles_de_la_respuesta')?['body/rbc8a62a7344f4666b75c81ed298ba95a']}","name":"@items('Aplicar_a_cada_Uno_para_subir_las_Cartas')['name']","body":"@body('Obtener_la_Ruta_de_la_Carta_de_la_Carta')"},"authentication":"@parameters('$authentication')"},"runtimeConfiguration":{"contentTransfer":{"transferMode":"Chunked"}}},"Añade_a_la_lista_de_sharepoint_el_Adjunto":{"runAfter":{"Create_file":["Succeeded"]},"metadata":{"operationMetadataId":"faf31534-bd8c-4d1e-9484-7f527d88b635"},"type":"OpenApiConnection","inputs":{"host":{"apiId":"/providers/Microsoft.PowerApps/apis/shared_sharepointonline","connectionName":"shared_sharepointonline_1","operationId":"CreateAttachment"},"parameters":{"dataset":"https://ganasa.sharepoint.com/sites/LiquidaciondePersonal-Automatizacin","table":"15ed073c-7906-45a3-97b2-d94c52a4fd48","itemId":"@triggerOutputs()?['body/resourceData/responseId']","displayName":"@items('Aplicar_a_cada_Uno_para_subir_las_Cartas')['name']","body":"@body('Obtener_la_Ruta_de_la_Carta_de_la_Carta')"},"authentication":"@parameters('$authentication')"}}},"runAfter":{"Parse_JSON_la_Carta":["Succeeded"]},"metadata":{"operationMetadataId":"848b1fdb-b77c-40a2-be62-74eee6768125"},"type":"Foreach"}},"runAfter":{"Añadir_Solicitud_a_Excel_de_Liquidación_de_Personal":["Succeeded"]},"expression":{"greater":["@length(outputs('Obtener_detalles_de_la_respuesta')?['body/r1aa67b7d674648f49bc30634ee2f8ef5'])",0]},"metadata":{"operationMetadataId":"46ff32b9-a4a9-4e35-8333-2db5ec4f9b8f"},"type":"If"},"Condicional_de_Paz_y_Salvo_Liquidacion":{"actions":{"Parse_JSON_la_Liquidacion":{"runAfter":{},"metadata":{"operationMetadataId":"28b78335-a87f-4385-973e-98d94141f980"},"type":"ParseJson","inputs":{"content":"@outputs('Obtener_detalles_de_la_respuesta')?['body/r85bea2427bf84b32a969a1456198e347']","schema":{"type":"array","items":{"type":"object","properties":{"name":{"type":"string"},"link":{"type":"string"},"id":{"type":"string"},"type":{},"size":{"type":"integer"},"referenceId":{"type":"string"},"driveId":{"type":"string"},"status":{"type":"integer"},"uploadSessionUrl":{}},"required":["name","link","id","type","size","referenceId","driveId","status","uploadSessionUrl"]}}}},"Aplicar_a_cada_Uno_para_subir_las_liquidacion":{"foreach":"@body('Parse_JSON_la_Liquidacion')","actions":{"Obtiene_la_Ruta_de_paz_y_salvo_de_liquidacion":{"runAfter":{},"metadata":{"operationMetadataId":"55429ef9-d44c-4f54-8d50-df0aa583c0cf"},"type":"OpenApiConnection","inputs":{"host":{"apiId":"/providers/Microsoft.PowerApps/apis/shared_onedriveforbusiness","connectionName":"shared_onedriveforbusiness_1","operationId":"GetFileContentByPath"},"parameters":{"path":"/Apps/Microsoft Forms/Liquidación definitiva de prestaciones sociales (/Liquidacion/@{items('Aplicar_a_cada_Uno_para_subir_las_liquidacion')['name']}","inferContentType":true},"authentication":"@parameters('$authentication')"}},"Create_file_Liquidacion":{"runAfter":{"Obtiene_la_Ruta_de_paz_y_salvo_de_liquidacion":["Succeeded"]},"metadata":{"operationMetadataId":"ada98cf2-6e71-4dd8-9fec-fc9e10bd1abc"},"type":"OpenApiConnection","inputs":{"host":{"apiId":"/providers/Microsoft.PowerApps/apis/shared_onedriveforbusiness","connectionName":"shared_onedriveforbusiness_1","operationId":"CreateFile"},"parameters":{"folderPath":"/Liquidación de Personal/Paz y Salvos/@{outputs('Obtener_detalles_de_la_respuesta')?['body/rbc8a62a7344f4666b75c81ed298ba95a']}","name":"@items('Aplicar_a_cada_Uno_para_subir_las_liquidacion')['name']","body":"@body('Obtiene_la_Ruta_de_paz_y_salvo_de_liquidacion')"},"authentication":"@parameters('$authentication')"},"runtimeConfiguration":{"contentTransfer":{"transferMode":"Chunked"}}},"Añade_adjunto_a_Sharepoint":{"runAfter":{"Create_file_Liquidacion":["Succeeded"]},"metadata":{"operationMetadataId":"faf31534-bd8c-4d1e-9484-7f527d88b635"},"type":"OpenApiConnection","inputs":{"host":{"apiId":"/providers/Microsoft.PowerApps/apis/shared_sharepointonline","connectionName":"shared_sharepointonline_1","operationId":"CreateAttachment"},"parameters":{"dataset":"https://ganasa.sharepoint.com/sites/LiquidaciondePersonal-Automatizacin","table":"15ed073c-7906-45a3-97b2-d94c52a4fd48","itemId":"@triggerOutputs()?['body/resourceData/responseId']","displayName":"@items('Aplicar_a_cada_Uno_para_subir_las_liquidacion')['name']","body":"@body('Obtiene_la_Ruta_de_paz_y_salvo_de_liquidacion')"},"authentication":"@parameters('$authentication')"}}},"runAfter":{"Parse_JSON_la_Liquidacion":["Succeeded"]},"metadata":{"operationMetadataId":"848b1fdb-b77c-40a2-be62-74eee6768125"},"type":"Foreach"}},"runAfter":{"Condicional_de_Paz_y_Salvo_Renuncia":["Succeeded"]},"expression":{"greater":["@length(outputs('Obtener_detalles_de_la_respuesta')?['body/r85bea2427bf84b32a969a1456198e347'])",0]},"metadata":{"operationMetadataId":"1e223c12-f2b7-4598-afb6-4e7c65e45da8"},"type":"If"},"Condicional_de_Paz_y_Salvo_de_Activos":{"actions":{"Parse_JSON_de_Activos":{"runAfter":{},"metadata":{"operationMetadataId":"28b78335-a87f-4385-973e-98d94141f980"},"type":"ParseJson","inputs":{"content":"@outputs('Obtener_detalles_de_la_respuesta')?['body/ra2e86571b4344063a1d8a1f154c129a7']","schema":{"type":"array","items":{"type":"object","properties":{"name":{"type":"string"},"link":{"type":"string"},"id":{"type":"string"},"type":{},"size":{"type":"integer"},"referenceId":{"type":"string"},"driveId":{"type":"string"},"status":{"type":"integer"},"uploadSessionUrl":{}},"required":["name","link","id","type","size","referenceId","driveId","status","uploadSessionUrl"]}}}},"Aplicar_a_cada_Uno_para_subir_Activos":{"foreach":"@body('Parse_JSON_de_Activos')","actions":{"Obtener_ruta_del_paz_y_salvo_de_Activos":{"runAfter":{},"metadata":{"operationMetadataId":"55429ef9-d44c-4f54-8d50-df0aa583c0cf"},"type":"OpenApiConnection","inputs":{"host":{"apiId":"/providers/Microsoft.PowerApps/apis/shared_onedriveforbusiness","connectionName":"shared_onedriveforbusiness_1","operationId":"GetFileContentByPath"},"parameters":{"path":"/Apps/Microsoft Forms/Liquidación definitiva de prestaciones sociales (/Activos/@{items('Aplicar_a_cada_Uno_para_subir_Activos')['name']}","inferContentType":true},"authentication":"@parameters('$authentication')"}},"Create_file_de_Activos":{"runAfter":{"Obtener_ruta_del_paz_y_salvo_de_Activos":["Succeeded"]},"metadata":{"operationMetadataId":"ada98cf2-6e71-4dd8-9fec-fc9e10bd1abc"},"type":"OpenApiConnection","inputs":{"host":{"apiId":"/providers/Microsoft.PowerApps/apis/shared_onedriveforbusiness","connectionName":"shared_onedriveforbusiness_1","operationId":"CreateFile"},"parameters":{"folderPath":"/Liquidación de Personal/Paz y Salvos/@{outputs('Obtener_detalles_de_la_respuesta')?['body/rbc8a62a7344f4666b75c81ed298ba95a']}","name":"@items('Aplicar_a_cada_Uno_para_subir_Activos')['name']","body":"@body('Obtener_ruta_del_paz_y_salvo_de_Activos')"},"authentication":"@parameters('$authentication')"},"runtimeConfiguration":{"contentTransfer":{"transferMode":"Chunked"}}},"Añadir_Adjunto_en_la_lista_de_sharepoint":{"runAfter":{"Create_file_de_Activos":["Succeeded"]},"metadata":{"operationMetadataId":"faf31534-bd8c-4d1e-9484-7f527d88b635"},"type":"OpenApiConnection","inputs":{"host":{"apiId":"/providers/Microsoft.PowerApps/apis/shared_sharepointonline","connectionName":"shared_sharepointonline_1","operationId":"CreateAttachment"},"parameters":{"dataset":"https://ganasa.sharepoint.com/sites/LiquidaciondePersonal-Automatizacin","table":"15ed073c-7906-45a3-97b2-d94c52a4fd48","itemId":"@triggerOutputs()?['body/resourceData/responseId']","displayName":"@items('Aplicar_a_cada_Uno_para_subir_Activos')['name']","body":"@body('Obtener_ruta_del_paz_y_salvo_de_Activos')"},"authentication":"@parameters('$authentication')"}}},"runAfter":{"Parse_JSON_de_Activos":["Succeeded"]},"metadata":{"operationMetadataId":"848b1fdb-b77c-40a2-be62-74eee6768125"},"type":"Foreach"}},"runAfter":{"Condicional_de_Paz_y_Salvo_Liquidacion":["Succeeded"]},"expression":{"greater":["@length(outputs('Obtener_detalles_de_la_respuesta')?['body/ra2e86571b4344063a1d8a1f154c129a7'])",0]},"metadata":{"operationMetadataId":"46ff32b9-a4a9-4e35-8333-2db5ec4f9b8f"},"type":"If"},"Crear_elemento_en_lista_Solicitudes":{"runAfter":{"Obtener_detalles_de_la_respuesta":["Succeeded"]},"metadata":{"operationMetadataId":"8e508c06-2426-465e-a406-09a9c00f1e0f"},"type":"OpenApiConnection","inputs":{"host":{"apiId":"/providers/Microsoft.PowerApps/apis/shared_sharepointonline","connectionName":"shared_sharepointonline","operationId":"PostItem"},"parameters":{"dataset":"https://ganasa.sharepoint.com/sites/LiquidaciondePersonal-Automatizacin","table":"15ed073c-7906-45a3-97b2-d94c52a4fd48","item/Id0":"@triggerOutputs()?['body/resourceData/responseId']","item/Nombrecompleto":"@outputs('Obtener_detalles_de_la_respuesta')?['body/r037358873d914c95b5c325ec18b2ca51']","item/Documento":"@outputs('Obtener_detalles_de_la_respuesta')?['body/rbc8a62a7344f4666b75c81ed298ba95a']","item/Cargo":"@{outputs('Obtener_detalles_de_la_respuesta')?['body/r245eeadce61d40dbbe5f521e26dc6e34']}@{outputs('Obtener_detalles_de_la_respuesta')?['body/ra386c2107b144cdfae5d1080fbf3e55d']}","item/TipodeContrato":"@outputs('Obtener_detalles_de_la_respuesta')?['body/rbbd3085cdbe2469197cd483c7c21cbe5']","item/CentrodeCostos":"@outputs('Obtener_detalles_de_la_respuesta')?['body/rb06d637195b547eca109392b97c17054']","item/Correodellider":"@outputs('Obtener_detalles_de_la_respuesta')?['body/r61e606185a294aa9bc3f0cf8510706d7']","item/FechadeRetiro":"@outputs('Obtener_detalles_de_la_respuesta')?['body/r3d4b7396d3e4455eae08a52af7d85018']","item/Estado":"ABIERTO"},"authentication":"@parameters('$authentication')"}},"Crear_elemento_en_lista_RL":{"runAfter":{"Crear_elemento_en_lista_Solicitudes":["Succeeded"]},"metadata":{"operationMetadataId":"8e508c06-2426-465e-a406-09a9c00f1e0f"},"type":"OpenApiConnection","inputs":{"host":{"apiId":"/providers/Microsoft.PowerApps/apis/shared_sharepointonline","connectionName":"shared_sharepointonline","operationId":"PostItem"},"parameters":{"dataset":"https://ganasa.sharepoint.com/sites/LiquidaciondePersonal-Automatizacin","table":"be386770-ea8f-47bf-84ca-1cfabb83c251","item/Id0":"@triggerOutputs()?['body/resourceData/responseId']","item/Nombrecompleto":"@outputs('Obtener_detalles_de_la_respuesta')?['body/r037358873d914c95b5c325ec18b2ca51']","item/Numerodedocumento":"@outputs('Obtener_detalles_de_la_respuesta')?['body/rbc8a62a7344f4666b75c81ed298ba95a']","item/Cargo":"@{outputs('Obtener_detalles_de_la_respuesta')?['body/r245eeadce61d40dbbe5f521e26dc6e34']}@{outputs('Obtener_detalles_de_la_respuesta')?['body/ra386c2107b144cdfae5d1080fbf3e55d']}","item/TipodeContrato":"@outputs('Obtener_detalles_de_la_respuesta')?['body/rbbd3085cdbe2469197cd483c7c21cbe5']","item/CentrodeCostos":"@outputs('Obtener_detalles_de_la_respuesta')?['body/rb06d637195b547eca109392b97c17054']","item/Fechaderetiro":"@outputs('Obtener_detalles_de_la_respuesta')?['body/r3d4b7396d3e4455eae08a52af7d85018']","item/Estado":"ABIERTO"},"authentication":"@parameters('$authentication')"}},"Crear_elemento_en_lista_Cartera":{"runAfter":{"Crear_elemento_en_lista_RL":["Succeeded"]},"metadata":{"operationMetadataId":"8e508c06-2426-465e-a406-09a9c00f1e0f"},"type":"OpenApiConnection","inputs":{"host":{"apiId":"/providers/Microsoft.PowerApps/apis/shared_sharepointonline","connectionName":"shared_sharepointonline","operationId":"PostItem"},"parameters":{"dataset":"https://ganasa.sharepoint.com/sites/LiquidaciondePersonal-Automatizacin","table":"4dcf93a4-1524-4b01-8db7-8c1210147aa8","item/Id0":"@triggerOutputs()?['body/resourceData/responseId']","item/NombreCompleto":"@outputs('Obtener_detalles_de_la_respuesta')?['body/r037358873d914c95b5c325ec18b2ca51']","item/Documento":"@outputs('Obtener_detalles_de_la_respuesta')?['body/rbc8a62a7344f4666b75c81ed298ba95a']","item/TipodeContrato":"@outputs('Obtener_detalles_de_la_respuesta')?['body/rbbd3085cdbe2469197cd483c7c21cbe5']","item/Cargo":"@{outputs('Obtener_detalles_de_la_respuesta')?['body/r245eeadce61d40dbbe5f521e26dc6e34']}@{outputs('Obtener_detalles_de_la_respuesta')?['body/ra386c2107b144cdfae5d1080fbf3e55d']}","item/CentrodeCostos":"@outputs('Obtener_detalles_de_la_respuesta')?['body/rb06d637195b547eca109392b97c17054']","item/Fechaderetiro":"@outputs('Obtener_detalles_de_la_respuesta')?['body/r3d4b7396d3e4455eae08a52af7d85018']","item/Estado":"ABIERTO"},"authentication":"@parameters('$authentication')"}},"Crear_elemento_en_lista_GCT":{"runAfter":{"Crear_elemento_en_lista_Cartera":["Succeeded"]},"metadata":{"operationMetadataId":"8e508c06-2426-465e-a406-09a9c00f1e0f"},"type":"OpenApiConnection","inputs":{"host":{"apiId":"/providers/Microsoft.PowerApps/apis/shared_sharepointonline","connectionName":"shared_sharepointonline","operationId":"PostItem"},"parameters":{"dataset":"https://ganasa.sharepoint.com/sites/LiquidaciondePersonal-Automatizacin","table":"68c110b7-9aa4-40ec-b6cb-ad3d0c6a20f8","item/Id0":"@triggerOutputs()?['body/resourceData/responseId']","item/NombreCompleto":"@outputs('Obtener_detalles_de_la_respuesta')?['body/r037358873d914c95b5c325ec18b2ca51']","item/Documento":"@outputs('Obtener_detalles_de_la_respuesta')?['body/rbc8a62a7344f4666b75c81ed298ba95a']","item/TipodeContrato":"@outputs('Obtener_detalles_de_la_respuesta')?['body/rbbd3085cdbe2469197cd483c7c21cbe5']","item/Cargo":"@{outputs('Obtener_detalles_de_la_respuesta')?['body/r245eeadce61d40dbbe5f521e26dc6e34']}@{outputs('Obtener_detalles_de_la_respuesta')?['body/ra386c2107b144cdfae5d1080fbf3e55d']}","item/CentrodeCostos":"@outputs('Obtener_detalles_de_la_respuesta')?['body/rb06d637195b547eca109392b97c17054']","item/Fechaderetiro":"@outputs('Obtener_detalles_de_la_respuesta')?['body/r3d4b7396d3e4455eae08a52af7d85018']","item/Estado":"ABIERTO"},"authentication":"@parameters('$authentication')"}},"Crear_elemento_en_lista_FemFuturo":{"runAfter":{"Crear_elemento_en_lista_GCT":["Succeeded"]},"metadata":{"operationMetadataId":"8e508c06-2426-465e-a406-09a9c00f1e0f"},"type":"OpenApiConnection","inputs":{"host":{"apiId":"/providers/Microsoft.PowerApps/apis/shared_sharepointonline","connectionName":"shared_sharepointonline","operationId":"PostItem"},"parameters":{"dataset":"https://ganasa.sharepoint.com/sites/LiquidaciondePersonal-Automatizacin","table":"f477a9bf-376c-482d-b59c-7e12a89de25b","item/Id0":"@triggerOutputs()?['body/resourceData/responseId']","item/NombreCompleto":"@outputs('Obtener_detalles_de_la_respuesta')?['body/r037358873d914c95b5c325ec18b2ca51']","item/Documento":"@outputs('Obtener_detalles_de_la_respuesta')?['body/rbc8a62a7344f4666b75c81ed298ba95a']","item/TipodeContrato":"@outputs('Obtener_detalles_de_la_respuesta')?['body/rbbd3085cdbe2469197cd483c7c21cbe5']","item/Cargo":"@{outputs('Obtener_detalles_de_la_respuesta')?['body/r245eeadce61d40dbbe5f521e26dc6e34']}@{outputs('Obtener_detalles_de_la_respuesta')?['body/ra386c2107b144cdfae5d1080fbf3e55d']}","item/CentrodeCostos":"@outputs('Obtener_detalles_de_la_respuesta')?['body/rb06d637195b547eca109392b97c17054']","item/FechadeRetiro":"@outputs('Obtener_detalles_de_la_respuesta')?['body/r3d4b7396d3e4455eae08a52af7d85018']","item/Estado":"ABIERTO"},"authentication":"@parameters('$authentication')"}},"Crear_elemento_en_lista_Contabilidad":{"runAfter":{"Crear_elemento_en_lista_FemFuturo":["Succeeded"]},"metadata":{"operationMetadataId":"8e508c06-2426-465e-a406-09a9c00f1e0f"},"type":"OpenApiConnection","inputs":{"host":{"apiId":"/providers/Microsoft.PowerApps/apis/shared_sharepointonline","connectionName":"shared_sharepointonline","operationId":"PostItem"},"parameters":{"dataset":"https://ganasa.sharepoint.com/sites/LiquidaciondePersonal-Automatizacin","table":"9d9adf26-d0dd-4ea4-a1c8-d6e7f8a7b201","item/Id0":"@triggerOutputs()?['body/resourceData/responseId']","item/NombreCompleto":"@outputs('Obtener_detalles_de_la_respuesta')?['body/r037358873d914c95b5c325ec18b2ca51']","item/Documento":"@outputs('Obtener_detalles_de_la_respuesta')?['body/rbc8a62a7344f4666b75c81ed298ba95a']","item/TipodeContrato":"@outputs('Obtener_detalles_de_la_respuesta')?['body/rbbd3085cdbe2469197cd483c7c21cbe5']","item/Cargo":"@{outputs('Obtener_detalles_de_la_respuesta')?['body/r245eeadce61d40dbbe5f521e26dc6e34']}@{outputs('Obtener_detalles_de_la_respuesta')?['body/ra386c2107b144cdfae5d1080fbf3e55d']}","item/CentrodeCostos":"@outputs('Obtener_detalles_de_la_respuesta')?['body/rb06d637195b547eca109392b97c17054']","item/FechadeRetiro":"@outputs('Obtener_detalles_de_la_respuesta')?['body/r3d4b7396d3e4455eae08a52af7d85018']","item/Estado":"ABIERTO"},"authentication":"@parameters('$authentication')"}},"Crear_elemento_en_lista_Canales":{"runAfter":{"Crear_elemento_en_lista_Contabilidad":["Succeeded"]},"metadata":{"operationMetadataId":"8e508c06-2426-465e-a406-09a9c00f1e0f"},"type":"OpenApiConnection","inputs":{"host":{"apiId":"/providers/Microsoft.PowerApps/apis/shared_sharepointonline","connectionName":"shared_sharepointonline","operationId":"PostItem"},"parameters":{"dataset":"https://ganasa.sharepoint.com/sites/LiquidaciondePersonal-Automatizacin","table":"3f5c956d-4ad6-4e71-9bb1-7c13e3e1df89","item/Id0":"@triggerOutputs()?['body/resourceData/responseId']","item/NombreCompleto":"@outputs('Obtener_detalles_de_la_respuesta')?['body/r037358873d914c95b5c325ec18b2ca51']","item/Documento":"@outputs('Obtener_detalles_de_la_respuesta')?['body/rbc8a62a7344f4666b75c81ed298ba95a']","item/TipodeContrato":"@outputs('Obtener_detalles_de_la_respuesta')?['body/rbbd3085cdbe2469197cd483c7c21cbe5']","item/Cargo":"@{outputs('Obtener_detalles_de_la_respuesta')?['body/r245eeadce61d40dbbe5f521e26dc6e34']}@{outputs('Obtener_detalles_de_la_respuesta')?['body/ra386c2107b144cdfae5d1080fbf3e55d']}","item/CentrodeCostos":"@outputs('Obtener_detalles_de_la_respuesta')?['body/rb06d637195b547eca109392b97c17054']","item/FechadeRetiro":"@outputs('Obtener_detalles_de_la_respuesta')?['body/r3d4b7396d3e4455eae08a52af7d85018']","item/Estado":"ABIERTO"},"authentication":"@parameters('$authentication')"}},"Crear_elemento_en_lista_Compensacion":{"runAfter":{"Crear_elemento_en_lista_Canales":["Succeeded"]},"metadata":{"operationMetadataId":"8e508c06-2426-465e-a406-09a9c00f1e0f"},"type":"OpenApiConnection","inputs":{"host":{"apiId":"/providers/Microsoft.PowerApps/apis/shared_sharepointonline","connectionName":"shared_sharepointonline","operationId":"PostItem"},"parameters":{"dataset":"https://ganasa.sharepoint.com/sites/LiquidaciondePersonal-Automatizacin","table":"09336804-f96b-4d8a-900b-e060bc01a3f3","item/Id0":"@triggerOutputs()?['body/resourceData/responseId']","item/NombreCompleto":"@outputs('Obtener_detalles_de_la_respuesta')?['body/r037358873d914c95b5c325ec18b2ca51']","item/Documento":"@outputs('Obtener_detalles_de_la_respuesta')?['body/rbc8a62a7344f4666b75c81ed298ba95a']","item/Cargo":"@{outputs('Obtener_detalles_de_la_respuesta')?['body/r245eeadce61d40dbbe5f521e26dc6e34']}@{outputs('Obtener_detalles_de_la_respuesta')?['body/ra386c2107b144cdfae5d1080fbf3e55d']}","item/TipodeContrato":"@outputs('Obtener_detalles_de_la_respuesta')?['body/rbbd3085cdbe2469197cd483c7c21cbe5']","item/CentrodeCostos":"@outputs('Obtener_detalles_de_la_respuesta')?['body/rb06d637195b547eca109392b97c17054']","item/Fechaderetiro":"@outputs('Obtener_detalles_de_la_respuesta')?['body/r3d4b7396d3e4455eae08a52af7d85018']","item/Estado":"ABIERTO"},"authentication":"@parameters('$authentication')"}},"Añadir_Solicitud_a_Excel_de_Liquidación_de_Personal":{"runAfter":{"Crear_elemento_en_lista_Compensacion":["Succeeded"]},"metadata":{"01ER4TYA4RZVJZMFWH6FBYJWCPYI5IHHX7":"/Liquidación de Personal/Liquidacion Personal.xlsx","operationMetadataId":"76989887-f848-46c6-a3d3-0ac969bf7dc9","tableId":"{DF781734-C3DA-47CF-AD4B-E87D8EB0A4CD}"},"type":"OpenApiConnection","inputs":{"host":{"apiId":"/providers/Microsoft.PowerApps/apis/shared_excelonlinebusiness","connectionName":"shared_excelonlinebusiness_1","operationId":"AddRowV2"},"parameters":{"source":"me","drive":"b!214-VVQAF0KOwwCog90bNCVotCkVLNtGtS0t9CuNf3krnXfdbYLbSoWI_5AmPGqE","file":"01ER4TYA4RZVJZMFWH6FBYJWCPYI5IHHX7","table":"{DF781734-C3DA-47CF-AD4B-E87D8EB0A4CD}","item/Id":"@triggerOutputs()?['body/resourceData/responseId']","item/Fecha de solicitud":"@formatDateTime(utcNow(), 'dd/MM/yyyy')","item/Nombre completo":"@outputs('Obtener_detalles_de_la_respuesta')?['body/r037358873d914c95b5c325ec18b2ca51']","item/Tipo de Documento":"@outputs('Obtener_detalles_de_la_respuesta')?['body/r7701b4c6192b4060a8de987652f069ee']","item/Numero de Documento":"@outputs('Obtener_detalles_de_la_respuesta')?['body/rbc8a62a7344f4666b75c81ed298ba95a']","item/Numero de contacto":"@outputs('Obtener_detalles_de_la_respuesta')?['body/rc0ab69f6a6ee402d9c3dfe932a48ffdf']","item/Correo Electronico":"@outputs('Obtener_detalles_de_la_respuesta')?['body/r39c50933cf9c4ae7890017ab613b89c0']","item/Direccion":"@outputs('Obtener_detalles_de_la_respuesta')?['body/r9205ffbcfc68433d843b95a48b778511']","item/Empresa":"@outputs('Obtener_detalles_de_la_respuesta')?['body/r5b1217061fe0442880c78a3f873d7f4d']","item/Tipo de Cargo":"@outputs('Obtener_detalles_de_la_respuesta')?['body/r31db7d649387449688cd89e6e6f36cdd']","item/Cargo Comercial":"@outputs('Obtener_detalles_de_la_respuesta')?['body/ra386c2107b144cdfae5d1080fbf3e55d']","item/Se habilitara plaza Comercial":"@outputs('Obtener_detalles_de_la_respuesta')?['body/r9a05a9a7a4434ea3a4ae23ded1ae1c52']","item/Cargo a reemplazar":"@outputs('Obtener_detalles_de_la_respuesta')?['body/rec6f8c172875420b8a4307290958187b']","item/Se traslada la plaza":"@outputs('Obtener_detalles_de_la_respuesta')?['body/r3a01200ba7dc4221a6c5faa0fd4830e3']","item/Oficina a trasladar":"@outputs('Obtener_detalles_de_la_respuesta')?['body/r2bbc768c424947eb84503a72df97ca2d']","item/Observación de plaza Comercial":"@outputs('Obtener_detalles_de_la_respuesta')?['body/r62d3bcd3962b4c37ab74c467c85678b2']","item/Cargo":"@outputs('Obtener_detalles_de_la_respuesta')?['body/r245eeadce61d40dbbe5f521e26dc6e34']","item/Se habilitara la plaza":"@outputs('Obtener_detalles_de_la_respuesta')?['body/rf251fb1206ab42d8ba2e6d90423fe144']","item/Observacion de plaza":"@outputs('Obtener_detalles_de_la_respuesta')?['body/ra4defe0db1d941a998ef8a839904c010']","item/Apruebas el reemplazo del colaborador":"@outputs('Obtener_detalles_de_la_respuesta')?['body/r8aabca627d0b4872b9dc9c5f826b5b2c']","item/Tipo de Contrato":"@outputs('Obtener_detalles_de_la_respuesta')?['body/rbbd3085cdbe2469197cd483c7c21cbe5']","item/Centro de Costos":"@outputs('Obtener_detalles_de_la_respuesta')?['body/rb06d637195b547eca109392b97c17054']","item/Nombre de la Oficina":"@outputs('Obtener_detalles_de_la_respuesta')?['body/r8864ed28141d4c729f3ce358780a73e4']","item/Correo Electronico del Lider":"@outputs('Obtener_detalles_de_la_respuesta')?['body/r61e606185a294aa9bc3f0cf8510706d7']","item/Jornada":"@outputs('Obtener_detalles_de_la_respuesta')?['body/r603043e4452643f78ba84802c3d52a05']","item/Fecha del ultimo dia laborado":"@outputs('Obtener_detalles_de_la_respuesta')?['body/r0336fe380f2949318e4c3b78838e82f9']","item/Fecha de Retiro":"@outputs('Obtener_detalles_de_la_respuesta')?['body/r3d4b7396d3e4455eae08a52af7d85018']","item/Observacion":"@outputs('Obtener_detalles_de_la_respuesta')?['body/rfa7e83cba13849938cfe71241add390b']"},"authentication":"@parameters('$authentication')"}},"Condicional_de_envió_de_Correos_para_Jefe_Administrativo":{"actions":{"Send_an_email_(V2)":{"runAfter":{},"metadata":{"operationMetadataId":"8ad13b79-02a2-43fe-bf20-029ce3d21bb7"},"type":"OpenApiConnection","inputs":{"host":{"apiId":"/providers/Microsoft.PowerApps/apis/shared_office365","connectionName":"shared_office365","operationId":"SendEmailV2"},"parameters":{"emailMessage/To":"@outputs('Obtener_detalles_de_la_respuesta')?['body/r61e606185a294aa9bc3f0cf8510706d7']","emailMessage/Subject":"Habilitar la plaza","emailMessage/Body":"<p>Cordial saludo estimado líder.<br>\n<br>\nDe acuerdo con el retiro de \"@{outputs('Obtener_detalles_de_la_respuesta')?['body/r037358873d914c95b5c325ec18b2ca51']}\" con documento \"@{outputs('Obtener_detalles_de_la_respuesta')?['body/rbc8a62a7344f4666b75c81ed298ba95a']}\" el equipo de Atracción del Talento iniciará el proceso de selección de \"@{outputs('Obtener_detalles_de_la_respuesta')?['body/rec6f8c172875420b8a4307290958187b']}\" para la oficina \"@{outputs('Obtener_detalles_de_la_respuesta')?['body/r2bbc768c424947eb84503a72df97ca2d']}\" de la empresa \"@{outputs('Obtener_detalles_de_la_respuesta')?['body/r5b1217061fe0442880c78a3f873d7f4d']}\".<br>\n<br>\nLa analista de Atracción de Talento encargada del proceso se estará contactando contigo para dar inicio al levantamiento del perfil e informarte metodología y tiempos del proceso.<br>\n<br>\nCordial Saludo<br>\n<br>\nEquipo Atracción del Talento</p>","emailMessage/Importance":"Normal"},"authentication":"@parameters('$authentication')"}}},"runAfter":{"Enviar_Correos_a_las_Areas":["Succeeded"]},"else":{"actions":{"Condicional_para_enviar_Correo_al_jefe_Comercial":{"actions":{"Send_an_email_(V2)_2":{"runAfter":{},"metadata":{"operationMetadataId":"09fd0d16-0714-492c-b50b-87c537d49c04"},"type":"OpenApiConnection","inputs":{"host":{"apiId":"/providers/Microsoft.PowerApps/apis/shared_office365","connectionName":"shared_office365","operationId":"SendEmailV2"},"parameters":{"emailMessage/To":"@outputs('Obtener_detalles_de_la_respuesta')?['body/r61e606185a294aa9bc3f0cf8510706d7']","emailMessage/Subject":"Habilitar la plaza","emailMessage/Body":"<p>Cordial saludo estimado líder.<br>\n<br>\nDe acuerdo con el retiro de \"@{outputs('Obtener_detalles_de_la_respuesta')?['body/r037358873d914c95b5c325ec18b2ca51']}\" con documento \"@{outputs('Obtener_detalles_de_la_respuesta')?['body/rbc8a62a7344f4666b75c81ed298ba95a']}\" el equipo de Atracción del Talento iniciará el proceso de selección de <strong>\"</strong><strong>@{outputs('Obtener_detalles_de_la_respuesta')?['body/rec6f8c172875420b8a4307290958187b']}</strong><strong>\" </strong>para la oficina <strong>\"</strong><strong>@{outputs('Obtener_detalles_de_la_respuesta')?['body/r2bbc768c424947eb84503a72df97ca2d']}</strong><strong>\" </strong>de la empresa \"<strong></strong><strong>@{outputs('Obtener_detalles_de_la_respuesta')?['body/r5b1217061fe0442880c78a3f873d7f4d']}</strong><strong>\" .<br>\n</strong>La analista de Atracción de Talento encargada de la zona se estará contactando contigo para informar fechas de ingreso, así mismo si tienes dudas al respecto puedes contactarte con ella a sus datos corporativos o al correo general del proceso <a href=\"mailto:deisy.agudelo@gruporeditos.com\">atraccion.talento@gruporeditos.com</a> o con la coordinadora <a href=\"mailto:deisy.agudelo@gruporeditos.com\">deisy.agudelo@gruporeditos.com</a>&nbsp;<br>\n<br>\nCordial Saludo<br>\n<br>\nEquipo Atracción del Talento</p>","emailMessage/Importance":"Normal"},"authentication":"@parameters('$authentication')"}}},"runAfter":{},"expression":{"startsWith":["@outputs('Obtener_detalles_de_la_respuesta')?['body/r9a05a9a7a4434ea3a4ae23ded1ae1c52']","SI"]},"metadata":{"operationMetadataId":"dc056eb4-531a-4a3b-b896-cca5775c1b18"},"type":"If"}}},"expression":{"startsWith":["@outputs('Obtener_detalles_de_la_respuesta')?['body/rf251fb1206ab42d8ba2e6d90423fe144']","SI"]},"metadata":{"operationMetadataId":"21eb4367-7629-4bfd-95e8-183890a1a192"},"type":"If"}}},"connectionReferences":{"shared_microsoftforms_1":{"connectionName":"shared-microsoftform-ca38af7f-172d-4a59-b5b7-574238e2ed55","source":"Embedded","id":"/providers/Microsoft.PowerApps/apis/shared_microsoftforms","tier":"NotSpecified"},"shared_office365_1":{"connectionName":"shared-office365-5d607ebf-363e-413c-80e3-c66c6191c1c3","source":"Embedded","id":"/providers/Microsoft.PowerApps/apis/shared_office365","tier":"NotSpecified"},"shared_onedriveforbusiness_1":{"connectionName":"shared-onedriveforbu-a021db02-a671-42b8-a37c-ba52adeb0f22","source":"Embedded","id":"/providers/Microsoft.PowerApps/apis/shared_onedriveforbusiness","tier":"NotSpecified"},"shared_sharepointonline_1":{"connectionName":"shared-sharepointonl-1468f75e-42a0-4a33-84c4-6c3f1ffbe227","source":"Embedded","id":"/providers/Microsoft.PowerApps/apis/shared_sharepointonline","tier":"NotSpecified"},"shared_sharepointonline":{"connectionName":"shared-sharepointonl-1468f75e-42a0-4a33-84c4-6c3f1ffbe227","source":"Embedded","id":"/providers/Microsoft.PowerApps/apis/shared_sharepointonline","tier":"NotSpecified"},"shared_excelonlinebusiness_1":{"connectionName":"shared-excelonlinebu-6acf51a8-070e-4346-a6e7-b8b1be6e4d83","source":"Embedded","id":"/providers/Microsoft.PowerApps/apis/shared_excelonlinebusiness","tier":"NotSpecified"},"shared_office365":{"connectionName":"shared-office365-d5dda492-bc3e-4890-8c42-f18e0b35a26e","source":"Embedded","id":"/providers/Microsoft.PowerApps/apis/shared_office365","tier":"NotSpecified"}},"flowFailureAlertSubscribed":false,"isManaged":false}}